[2026-05-06 05:44:23] laravel.EMERGENCY: Unable to create configured logger. Using emergency logger. {"exception":"[object] (InvalidArgumentException(code: 0): Log [] is not defined. at C:/Users/MAKTECH/Desktop/Project/Manobsheba/backend/vendor/laravel/framework/src/Illuminate/Log/LogManager.php:212)
[stacktrace]
#0 C:/Users/MAKTECH/Desktop/Project/Manobsheba/backend/vendor/laravel/framework/src/Illuminate/Log/LogManager.php(137): Illuminate/Log/LogManager->resolve(NULL, NULL)
#1 C:/Users/MAKTECH/Desktop/Project/Manobsheba/backend/vendor/laravel/framework/src/Illuminate/Log/LogManager.php(124): Illuminate/Log/LogManager->get(NULL)
#2 C:/Users/MAKTECH/Desktop/Project/Manobsheba/backend/vendor/laravel/framework/src/Illuminate/Log/LogManager.php(681): Illuminate/Log/LogManager->driver()
#3 C:/Users/MAKTECH/Desktop/Project/Manobsheba/backend/vendor/laravel/framework/src/Illuminate/Foundation/Exceptions/Handler.php(317): Illuminate/Log/LogManager->error('Class \"Str\" not...', Array)
#4 C:/Users/MAKTECH/Desktop/Project/Manobsheba/backend/vendor/laravel/framework/src/Illuminate/Foundation/Exceptions/Handler.php(278): Illuminate/Foundation/Exceptions/Handler->reportThrowable(Object(Error))
#5 C:/Users/MAKTECH/Desktop/Project/Manobsheba/backend/vendor/laravel/framework/src/Illuminate/Foundation/Console/Kernel.php(523): Illuminate/Foundation/Exceptions/Handler->report(Object(Error))
#6 C:/Users/MAKTECH/Desktop/Project/Manobsheba/backend/vendor/laravel/framework/src/Illuminate/Foundation/Console/Kernel.php(203): Illuminate/Foundation/Console/Kernel->reportException(Object(Error))
#7 C:/Users/MAKTECH/Desktop/Project/Manobsheba/backend/artisan(37): Illuminate/Foundation/Console/Kernel->handle(Object(Symfony/Component/Console/Input/ArgvInput), Object(Symfony/Component/Console/Output/ConsoleOutput))
#8 {main}
"} 
[2026-05-06 05:44:23] laravel.ERROR: Class "Str" not found {"exception":"[object] (Error(code: 0): Class \"Str\" not found at C:/Users/MAKTECH/Desktop/Project/Manobsheba/backend/config/database.php:123)
[stacktrace]
#0 C:/Users/MAKTECH/Desktop/Project/Manobsheba/backend/vendor/laravel/framework/src/Illuminate/Foundation/Bootstrap/LoadConfiguration.php(70): require()
#1 C:/Users/MAKTECH/Desktop/Project/Manobsheba/backend/vendor/laravel/framework/src/Illuminate/Foundation/Bootstrap/LoadConfiguration.php(39): Illuminate/Foundation/Bootstrap/LoadConfiguration->loadConfigurationFiles(Object(Illuminate/Foundation/Application), Object(Illuminate/Config/Repository))
#2 C:/Users/MAKTECH/Desktop/Project/Manobsheba/backend/vendor/laravel/framework/src/Illuminate/Foundation/Application.php(286): Illuminate/Foundation/Bootstrap/LoadConfiguration->bootstrap(Object(Illuminate/Foundation/Application))
#3 C:/Users/MAKTECH/Desktop/Project/Manobsheba/backend/vendor/laravel/framework/src/Illuminate/Foundation/Console/Kernel.php(447): Illuminate/Foundation/Application->bootstrapWith(Array)
#4 C:/Users/MAKTECH/Desktop/Project/Manobsheba/backend/vendor/laravel/framework/src/Illuminate/Foundation/Console/Kernel.php(199): Illuminate/Foundation/Console/Kernel->bootstrap()
#5 C:/Users/MAKTECH/Desktop/Project/Manobsheba/backend/artisan(37): Illuminate/Foundation/Console/Kernel->handle(Object(Symfony/Component/Console/Input/ArgvInput), Object(Symfony/Component/Console/Output/ConsoleOutput))
#6 {main}
"} 
[2026-05-06 05:48:11] laravel.EMERGENCY: Unable to create configured logger. Using emergency logger. {"exception":"[object] (InvalidArgumentException(code: 0): Log [] is not defined. at C:/Users/MAKTECH/Desktop/Project/Manobsheba/backend/vendor/laravel/framework/src/Illuminate/Log/LogManager.php:212)
[stacktrace]
#0 C:/Users/MAKTECH/Desktop/Project/Manobsheba/backend/vendor/laravel/framework/src/Illuminate/Log/LogManager.php(137): Illuminate/Log/LogManager->resolve(NULL, NULL)
#1 C:/Users/MAKTECH/Desktop/Project/Manobsheba/backend/vendor/laravel/framework/src/Illuminate/Log/LogManager.php(124): Illuminate/Log/LogManager->get(NULL)
#2 C:/Users/MAKTECH/Desktop/Project/Manobsheba/backend/vendor/laravel/framework/src/Illuminate/Log/LogManager.php(681): Illuminate/Log/LogManager->driver()
#3 C:/Users/MAKTECH/Desktop/Project/Manobsheba/backend/vendor/laravel/framework/src/Illuminate/Foundation/Exceptions/Handler.php(317): Illuminate/Log/LogManager->error('Target class [f...', Array)
#4 C:/Users/MAKTECH/Desktop/Project/Manobsheba/backend/vendor/laravel/framework/src/Illuminate/Foundation/Exceptions/Handler.php(278): Illuminate/Foundation/Exceptions/Handler->reportThrowable(Object(Illuminate/Contracts/Container/BindingResolutionException))
#5 C:/Users/MAKTECH/Desktop/Project/Manobsheba/backend/vendor/laravel/framework/src/Illuminate/Foundation/Console/Kernel.php(523): Illuminate/Foundation/Exceptions/Handler->report(Object(Illuminate/Contracts/Container/BindingResolutionException))
#6 C:/Users/MAKTECH/Desktop/Project/Manobsheba/backend/vendor/laravel/framework/src/Illuminate/Foundation/Console/Kernel.php(203): Illuminate/Foundation/Console/Kernel->reportException(Object(Illuminate/Contracts/Container/BindingResolutionException))
#7 C:/Users/MAKTECH/Desktop/Project/Manobsheba/backend/artisan(37): Illuminate/Foundation/Console/Kernel->handle(Object(Symfony/Component/Console/Input/ArgvInput), Object(Symfony/Component/Console/Output/ConsoleOutput))
#8 {main}
"} 
[2026-05-06 05:48:11] laravel.ERROR: Target class [files] does not exist. {"exception":"[object] (Illuminate\\Contracts\\Container\\BindingResolutionException(code: 0): Target class [files] does not exist. at C:/Users/MAKTECH/Desktop/Project/Manobsheba/backend/vendor/laravel/framework/src/Illuminate/Container/Container.php:914)
[stacktrace]
#0 C:/Users/MAKTECH/Desktop/Project/Manobsheba/backend/vendor/laravel/framework/src/Illuminate/Container/Container.php(795): Illuminate/Container/Container->build('files')
#1 C:/Users/MAKTECH/Desktop/Project/Manobsheba/backend/vendor/laravel/framework/src/Illuminate/Foundation/Application.php(986): Illuminate/Container/Container->resolve('files', Array, true)
#2 C:/Users/MAKTECH/Desktop/Project/Manobsheba/backend/vendor/laravel/framework/src/Illuminate/Container/Container.php(731): Illuminate/Foundation/Application->resolve('files', Array)
#3 C:/Users/MAKTECH/Desktop/Project/Manobsheba/backend/vendor/laravel/framework/src/Illuminate/Foundation/Application.php(971): Illuminate/Container/Container->make('files', Array)
#4 C:/Users/MAKTECH/Desktop/Project/Manobsheba/backend/vendor/laravel/framework/src/Illuminate/Container/Container.php(1454): Illuminate/Foundation/Application->make('files')
#5 C:/Users/MAKTECH/Desktop/Project/Manobsheba/backend/vendor/laravel/framework/src/Illuminate/Foundation/Application.php(1176): Illuminate/Container/Container->offsetGet('files')
#6 C:/Users/MAKTECH/Desktop/Project/Manobsheba/backend/vendor/laravel/sanctum/src/SanctumServiceProvider.php(82): Illuminate/Foundation/Application->routesAreCached()
#7 C:/Users/MAKTECH/Desktop/Project/Manobsheba/backend/vendor/laravel/sanctum/src/SanctumServiceProvider.php(58): Laravel/Sanctum/SanctumServiceProvider->defineRoutes()
#8 C:/Users/MAKTECH/Desktop/Project/Manobsheba/backend/vendor/laravel/framework/src/Illuminate/Container/BoundMethod.php(36): Laravel/Sanctum/SanctumServiceProvider->boot()
#9 C:/Users/MAKTECH/Desktop/Project/Manobsheba/backend/vendor/laravel/framework/src/Illuminate/Container/Util.php(41): Illuminate/Container/BoundMethod::Illuminate/Container/{closure}()
#10 C:/Users/MAKTECH/Desktop/Project/Manobsheba/backend/vendor/laravel/framework/src/Illuminate/Container/BoundMethod.php(93): Illuminate/Container/Util::unwrapIfClosure(Object(Closure))
#11 C:/Users/MAKTECH/Desktop/Project/Manobsheba/backend/vendor/laravel/framework/src/Illuminate/Container/BoundMethod.php(37): Illuminate/Container/BoundMethod::callBoundMethod(Object(Illuminate/Foundation/Application), Array, Object(Closure))
#12 C:/Users/MAKTECH/Desktop/Project/Manobsheba/backend/vendor/laravel/framework/src/Illuminate/Container/Container.php(662): Illuminate/Container/BoundMethod::call(Object(Illuminate/Foundation/Application), Array, Array, NULL)
#13 C:/Users/MAKTECH/Desktop/Project/Manobsheba/backend/vendor/laravel/framework/src/Illuminate/Foundation/Application.php(1059): Illuminate/Container/Container->call(Array)
#14 C:/Users/MAKTECH/Desktop/Project/Manobsheba/backend/vendor/laravel/framework/src/Illuminate/Foundation/Application.php(1040): Illuminate/Foundation/Application->bootProvider(Object(Laravel/Sanctum/SanctumServiceProvider))
#15 [internal function]: Illuminate/Foundation/Application->Illuminate/Foundation/{closure}(Object(Laravel/Sanctum/SanctumServiceProvider), 3)
#16 C:/Users/MAKTECH/Desktop/Project/Manobsheba/backend/vendor/laravel/framework/src/Illuminate/Foundation/Application.php(1041): array_walk(Array, Object(Closure))
#17 C:/Users/MAKTECH/Desktop/Project/Manobsheba/backend/vendor/laravel/framework/src/Illuminate/Foundation/Bootstrap/BootProviders.php(17): Illuminate/Foundation/Application->boot()
#18 C:/Users/MAKTECH/Desktop/Project/Manobsheba/backend/vendor/laravel/framework/src/Illuminate/Foundation/Application.php(286): Illuminate/Foundation/Bootstrap/BootProviders->bootstrap(Object(Illuminate/Foundation/Application))
#19 C:/Users/MAKTECH/Desktop/Project/Manobsheba/backend/vendor/laravel/framework/src/Illuminate/Foundation/Console/Kernel.php(447): Illuminate/Foundation/Application->bootstrapWith(Array)
#20 C:/Users/MAKTECH/Desktop/Project/Manobsheba/backend/vendor/laravel/framework/src/Illuminate/Foundation/Console/Kernel.php(199): Illuminate/Foundation/Console/Kernel->bootstrap()
#21 C:/Users/MAKTECH/Desktop/Project/Manobsheba/backend/artisan(37): Illuminate/Foundation/Console/Kernel->handle(Object(Symfony/Component/Console/Input/ArgvInput), Object(Symfony/Component/Console/Output/ConsoleOutput))
#22 {main}

[previous exception] [object] (ReflectionException(code: -1): Class \"files\" does not exist at C:/Users/MAKTECH/Desktop/Project/Manobsheba/backend/vendor/laravel/framework/src/Illuminate/Container/Container.php:912)
[stacktrace]
#0 C:/Users/MAKTECH/Desktop/Project/Manobsheba/backend/vendor/laravel/framework/src/Illuminate/Container/Container.php(912): ReflectionClass->__construct('files')
#1 C:/Users/MAKTECH/Desktop/Project/Manobsheba/backend/vendor/laravel/framework/src/Illuminate/Container/Container.php(795): Illuminate/Container/Container->build('files')
#2 C:/Users/MAKTECH/Desktop/Project/Manobsheba/backend/vendor/laravel/framework/src/Illuminate/Foundation/Application.php(986): Illuminate/Container/Container->resolve('files', Array, true)
#3 C:/Users/MAKTECH/Desktop/Project/Manobsheba/backend/vendor/laravel/framework/src/Illuminate/Container/Container.php(731): Illuminate/Foundation/Application->resolve('files', Array)
#4 C:/Users/MAKTECH/Desktop/Project/Manobsheba/backend/vendor/laravel/framework/src/Illuminate/Foundation/Application.php(971): Illuminate/Container/Container->make('files', Array)
#5 C:/Users/MAKTECH/Desktop/Project/Manobsheba/backend/vendor/laravel/framework/src/Illuminate/Container/Container.php(1454): Illuminate/Foundation/Application->make('files')
#6 C:/Users/MAKTECH/Desktop/Project/Manobsheba/backend/vendor/laravel/framework/src/Illuminate/Foundation/Application.php(1176): Illuminate/Container/Container->offsetGet('files')
#7 C:/Users/MAKTECH/Desktop/Project/Manobsheba/backend/vendor/laravel/sanctum/src/SanctumServiceProvider.php(82): Illuminate/Foundation/Application->routesAreCached()
#8 C:/Users/MAKTECH/Desktop/Project/Manobsheba/backend/vendor/laravel/sanctum/src/SanctumServiceProvider.php(58): Laravel/Sanctum/SanctumServiceProvider->defineRoutes()
#9 C:/Users/MAKTECH/Desktop/Project/Manobsheba/backend/vendor/laravel/framework/src/Illuminate/Container/BoundMethod.php(36): Laravel/Sanctum/SanctumServiceProvider->boot()
#10 C:/Users/MAKTECH/Desktop/Project/Manobsheba/backend/vendor/laravel/framework/src/Illuminate/Container/Util.php(41): Illuminate/Container/BoundMethod::Illuminate/Container/{closure}()
#11 C:/Users/MAKTECH/Desktop/Project/Manobsheba/backend/vendor/laravel/framework/src/Illuminate/Container/BoundMethod.php(93): Illuminate/Container/Util::unwrapIfClosure(Object(Closure))
#12 C:/Users/MAKTECH/Desktop/Project/Manobsheba/backend/vendor/laravel/framework/src/Illuminate/Container/BoundMethod.php(37): Illuminate/Container/BoundMethod::callBoundMethod(Object(Illuminate/Foundation/Application), Array, Object(Closure))
#13 C:/Users/MAKTECH/Desktop/Project/Manobsheba/backend/vendor/laravel/framework/src/Illuminate/Container/Container.php(662): Illuminate/Container/BoundMethod::call(Object(Illuminate/Foundation/Application), Array, Array, NULL)
#14 C:/Users/MAKTECH/Desktop/Project/Manobsheba/backend/vendor/laravel/framework/src/Illuminate/Foundation/Application.php(1059): Illuminate/Container/Container->call(Array)
#15 C:/Users/MAKTECH/Desktop/Project/Manobsheba/backend/vendor/laravel/framework/src/Illuminate/Foundation/Application.php(1040): Illuminate/Foundation/Application->bootProvider(Object(Laravel/Sanctum/SanctumServiceProvider))
#16 [internal function]: Illuminate/Foundation/Application->Illuminate/Foundation/{closure}(Object(Laravel/Sanctum/SanctumServiceProvider), 3)
#17 C:/Users/MAKTECH/Desktop/Project/Manobsheba/backend/vendor/laravel/framework/src/Illuminate/Foundation/Application.php(1041): array_walk(Array, Object(Closure))
#18 C:/Users/MAKTECH/Desktop/Project/Manobsheba/backend/vendor/laravel/framework/src/Illuminate/Foundation/Bootstrap/BootProviders.php(17): Illuminate/Foundation/Application->boot()
#19 C:/Users/MAKTECH/Desktop/Project/Manobsheba/backend/vendor/laravel/framework/src/Illuminate/Foundation/Application.php(286): Illuminate/Foundation/Bootstrap/BootProviders->bootstrap(Object(Illuminate/Foundation/Application))
#20 C:/Users/MAKTECH/Desktop/Project/Manobsheba/backend/vendor/laravel/framework/src/Illuminate/Foundation/Console/Kernel.php(447): Illuminate/Foundation/Application->bootstrapWith(Array)
#21 C:/Users/MAKTECH/Desktop/Project/Manobsheba/backend/vendor/laravel/framework/src/Illuminate/Foundation/Console/Kernel.php(199): Illuminate/Foundation/Console/Kernel->bootstrap()
#22 C:/Users/MAKTECH/Desktop/Project/Manobsheba/backend/artisan(37): Illuminate/Foundation/Console/Kernel->handle(Object(Symfony/Component/Console/Input/ArgvInput), Object(Symfony/Component/Console/Output/ConsoleOutput))
#23 {main}
"} 
[2026-05-06 05:48:48] laravel.EMERGENCY: Unable to create configured logger. Using emergency logger. {"exception":"[object] (InvalidArgumentException(code: 0): Log [] is not defined. at C:/Users/MAKTECH/Desktop/Project/Manobsheba/backend/vendor/laravel/framework/src/Illuminate/Log/LogManager.php:212)
[stacktrace]
#0 C:/Users/MAKTECH/Desktop/Project/Manobsheba/backend/vendor/laravel/framework/src/Illuminate/Log/LogManager.php(137): Illuminate/Log/LogManager->resolve(NULL, NULL)
#1 C:/Users/MAKTECH/Desktop/Project/Manobsheba/backend/vendor/laravel/framework/src/Illuminate/Log/LogManager.php(124): Illuminate/Log/LogManager->get(NULL)
#2 C:/Users/MAKTECH/Desktop/Project/Manobsheba/backend/vendor/laravel/framework/src/Illuminate/Log/LogManager.php(681): Illuminate/Log/LogManager->driver()
#3 C:/Users/MAKTECH/Desktop/Project/Manobsheba/backend/vendor/laravel/framework/src/Illuminate/Foundation/Exceptions/Handler.php(317): Illuminate/Log/LogManager->error('Target class [f...', Array)
#4 C:/Users/MAKTECH/Desktop/Project/Manobsheba/backend/vendor/laravel/framework/src/Illuminate/Foundation/Exceptions/Handler.php(278): Illuminate/Foundation/Exceptions/Handler->reportThrowable(Object(Illuminate/Contracts/Container/BindingResolutionException))
#5 C:/Users/MAKTECH/Desktop/Project/Manobsheba/backend/vendor/laravel/framework/src/Illuminate/Foundation/Console/Kernel.php(523): Illuminate/Foundation/Exceptions/Handler->report(Object(Illuminate/Contracts/Container/BindingResolutionException))
#6 C:/Users/MAKTECH/Desktop/Project/Manobsheba/backend/vendor/laravel/framework/src/Illuminate/Foundation/Console/Kernel.php(203): Illuminate/Foundation/Console/Kernel->reportException(Object(Illuminate/Contracts/Container/BindingResolutionException))
#7 C:/Users/MAKTECH/Desktop/Project/Manobsheba/backend/artisan(37): Illuminate/Foundation/Console/Kernel->handle(Object(Symfony/Component/Console/Input/ArgvInput), Object(Symfony/Component/Console/Output/ConsoleOutput))
#8 {main}
"} 
[2026-05-06 05:48:48] laravel.ERROR: Target class [files] does not exist. {"exception":"[object] (Illuminate\\Contracts\\Container\\BindingResolutionException(code: 0): Target class [files] does not exist. at C:/Users/MAKTECH/Desktop/Project/Manobsheba/backend/vendor/laravel/framework/src/Illuminate/Container/Container.php:914)
[stacktrace]
#0 C:/Users/MAKTECH/Desktop/Project/Manobsheba/backend/vendor/laravel/framework/src/Illuminate/Container/Container.php(795): Illuminate/Container/Container->build('files')
#1 C:/Users/MAKTECH/Desktop/Project/Manobsheba/backend/vendor/laravel/framework/src/Illuminate/Foundation/Application.php(986): Illuminate/Container/Container->resolve('files', Array, true)
#2 C:/Users/MAKTECH/Desktop/Project/Manobsheba/backend/vendor/laravel/framework/src/Illuminate/Container/Container.php(731): Illuminate/Foundation/Application->resolve('files', Array)
#3 C:/Users/MAKTECH/Desktop/Project/Manobsheba/backend/vendor/laravel/framework/src/Illuminate/Foundation/Application.php(971): Illuminate/Container/Container->make('files', Array)
#4 C:/Users/MAKTECH/Desktop/Project/Manobsheba/backend/vendor/laravel/framework/src/Illuminate/Container/Container.php(1454): Illuminate/Foundation/Application->make('files')
#5 C:/Users/MAKTECH/Desktop/Project/Manobsheba/backend/vendor/laravel/framework/src/Illuminate/Foundation/Application.php(1176): Illuminate/Container/Container->offsetGet('files')
#6 C:/Users/MAKTECH/Desktop/Project/Manobsheba/backend/vendor/laravel/sanctum/src/SanctumServiceProvider.php(82): Illuminate/Foundation/Application->routesAreCached()
#7 C:/Users/MAKTECH/Desktop/Project/Manobsheba/backend/vendor/laravel/sanctum/src/SanctumServiceProvider.php(58): Laravel/Sanctum/SanctumServiceProvider->defineRoutes()
#8 C:/Users/MAKTECH/Desktop/Project/Manobsheba/backend/vendor/laravel/framework/src/Illuminate/Container/BoundMethod.php(36): Laravel/Sanctum/SanctumServiceProvider->boot()
#9 C:/Users/MAKTECH/Desktop/Project/Manobsheba/backend/vendor/laravel/framework/src/Illuminate/Container/Util.php(41): Illuminate/Container/BoundMethod::Illuminate/Container/{closure}()
#10 C:/Users/MAKTECH/Desktop/Project/Manobsheba/backend/vendor/laravel/framework/src/Illuminate/Container/BoundMethod.php(93): Illuminate/Container/Util::unwrapIfClosure(Object(Closure))
#11 C:/Users/MAKTECH/Desktop/Project/Manobsheba/backend/vendor/laravel/framework/src/Illuminate/Container/BoundMethod.php(37): Illuminate/Container/BoundMethod::callBoundMethod(Object(Illuminate/Foundation/Application), Array, Object(Closure))
#12 C:/Users/MAKTECH/Desktop/Project/Manobsheba/backend/vendor/laravel/framework/src/Illuminate/Container/Container.php(662): Illuminate/Container/BoundMethod::call(Object(Illuminate/Foundation/Application), Array, Array, NULL)
#13 C:/Users/MAKTECH/Desktop/Project/Manobsheba/backend/vendor/laravel/framework/src/Illuminate/Foundation/Application.php(1059): Illuminate/Container/Container->call(Array)
#14 C:/Users/MAKTECH/Desktop/Project/Manobsheba/backend/vendor/laravel/framework/src/Illuminate/Foundation/Application.php(1040): Illuminate/Foundation/Application->bootProvider(Object(Laravel/Sanctum/SanctumServiceProvider))
#15 [internal function]: Illuminate/Foundation/Application->Illuminate/Foundation/{closure}(Object(Laravel/Sanctum/SanctumServiceProvider), 3)
#16 C:/Users/MAKTECH/Desktop/Project/Manobsheba/backend/vendor/laravel/framework/src/Illuminate/Foundation/Application.php(1041): array_walk(Array, Object(Closure))
#17 C:/Users/MAKTECH/Desktop/Project/Manobsheba/backend/vendor/laravel/framework/src/Illuminate/Foundation/Bootstrap/BootProviders.php(17): Illuminate/Foundation/Application->boot()
#18 C:/Users/MAKTECH/Desktop/Project/Manobsheba/backend/vendor/laravel/framework/src/Illuminate/Foundation/Application.php(286): Illuminate/Foundation/Bootstrap/BootProviders->bootstrap(Object(Illuminate/Foundation/Application))
#19 C:/Users/MAKTECH/Desktop/Project/Manobsheba/backend/vendor/laravel/framework/src/Illuminate/Foundation/Console/Kernel.php(447): Illuminate/Foundation/Application->bootstrapWith(Array)
#20 C:/Users/MAKTECH/Desktop/Project/Manobsheba/backend/vendor/laravel/framework/src/Illuminate/Foundation/Console/Kernel.php(199): Illuminate/Foundation/Console/Kernel->bootstrap()
#21 C:/Users/MAKTECH/Desktop/Project/Manobsheba/backend/artisan(37): Illuminate/Foundation/Console/Kernel->handle(Object(Symfony/Component/Console/Input/ArgvInput), Object(Symfony/Component/Console/Output/ConsoleOutput))
#22 {main}

[previous exception] [object] (ReflectionException(code: -1): Class \"files\" does not exist at C:/Users/MAKTECH/Desktop/Project/Manobsheba/backend/vendor/laravel/framework/src/Illuminate/Container/Container.php:912)
[stacktrace]
#0 C:/Users/MAKTECH/Desktop/Project/Manobsheba/backend/vendor/laravel/framework/src/Illuminate/Container/Container.php(912): ReflectionClass->__construct('files')
#1 C:/Users/MAKTECH/Desktop/Project/Manobsheba/backend/vendor/laravel/framework/src/Illuminate/Container/Container.php(795): Illuminate/Container/Container->build('files')
#2 C:/Users/MAKTECH/Desktop/Project/Manobsheba/backend/vendor/laravel/framework/src/Illuminate/Foundation/Application.php(986): Illuminate/Container/Container->resolve('files', Array, true)
#3 C:/Users/MAKTECH/Desktop/Project/Manobsheba/backend/vendor/laravel/framework/src/Illuminate/Container/Container.php(731): Illuminate/Foundation/Application->resolve('files', Array)
#4 C:/Users/MAKTECH/Desktop/Project/Manobsheba/backend/vendor/laravel/framework/src/Illuminate/Foundation/Application.php(971): Illuminate/Container/Container->make('files', Array)
#5 C:/Users/MAKTECH/Desktop/Project/Manobsheba/backend/vendor/laravel/framework/src/Illuminate/Container/Container.php(1454): Illuminate/Foundation/Application->make('files')
#6 C:/Users/MAKTECH/Desktop/Project/Manobsheba/backend/vendor/laravel/framework/src/Illuminate/Foundation/Application.php(1176): Illuminate/Container/Container->offsetGet('files')
#7 C:/Users/MAKTECH/Desktop/Project/Manobsheba/backend/vendor/laravel/sanctum/src/SanctumServiceProvider.php(82): Illuminate/Foundation/Application->routesAreCached()
#8 C:/Users/MAKTECH/Desktop/Project/Manobsheba/backend/vendor/laravel/sanctum/src/SanctumServiceProvider.php(58): Laravel/Sanctum/SanctumServiceProvider->defineRoutes()
#9 C:/Users/MAKTECH/Desktop/Project/Manobsheba/backend/vendor/laravel/framework/src/Illuminate/Container/BoundMethod.php(36): Laravel/Sanctum/SanctumServiceProvider->boot()
#10 C:/Users/MAKTECH/Desktop/Project/Manobsheba/backend/vendor/laravel/framework/src/Illuminate/Container/Util.php(41): Illuminate/Container/BoundMethod::Illuminate/Container/{closure}()
#11 C:/Users/MAKTECH/Desktop/Project/Manobsheba/backend/vendor/laravel/framework/src/Illuminate/Container/BoundMethod.php(93): Illuminate/Container/Util::unwrapIfClosure(Object(Closure))
#12 C:/Users/MAKTECH/Desktop/Project/Manobsheba/backend/vendor/laravel/framework/src/Illuminate/Container/BoundMethod.php(37): Illuminate/Container/BoundMethod::callBoundMethod(Object(Illuminate/Foundation/Application), Array, Object(Closure))
#13 C:/Users/MAKTECH/Desktop/Project/Manobsheba/backend/vendor/laravel/framework/src/Illuminate/Container/Container.php(662): Illuminate/Container/BoundMethod::call(Object(Illuminate/Foundation/Application), Array, Array, NULL)
#14 C:/Users/MAKTECH/Desktop/Project/Manobsheba/backend/vendor/laravel/framework/src/Illuminate/Foundation/Application.php(1059): Illuminate/Container/Container->call(Array)
#15 C:/Users/MAKTECH/Desktop/Project/Manobsheba/backend/vendor/laravel/framework/src/Illuminate/Foundation/Application.php(1040): Illuminate/Foundation/Application->bootProvider(Object(Laravel/Sanctum/SanctumServiceProvider))
#16 [internal function]: Illuminate/Foundation/Application->Illuminate/Foundation/{closure}(Object(Laravel/Sanctum/SanctumServiceProvider), 3)
#17 C:/Users/MAKTECH/Desktop/Project/Manobsheba/backend/vendor/laravel/framework/src/Illuminate/Foundation/Application.php(1041): array_walk(Array, Object(Closure))
#18 C:/Users/MAKTECH/Desktop/Project/Manobsheba/backend/vendor/laravel/framework/src/Illuminate/Foundation/Bootstrap/BootProviders.php(17): Illuminate/Foundation/Application->boot()
#19 C:/Users/MAKTECH/Desktop/Project/Manobsheba/backend/vendor/laravel/framework/src/Illuminate/Foundation/Application.php(286): Illuminate/Foundation/Bootstrap/BootProviders->bootstrap(Object(Illuminate/Foundation/Application))
#20 C:/Users/MAKTECH/Desktop/Project/Manobsheba/backend/vendor/laravel/framework/src/Illuminate/Foundation/Console/Kernel.php(447): Illuminate/Foundation/Application->bootstrapWith(Array)
#21 C:/Users/MAKTECH/Desktop/Project/Manobsheba/backend/vendor/laravel/framework/src/Illuminate/Foundation/Console/Kernel.php(199): Illuminate/Foundation/Console/Kernel->bootstrap()
#22 C:/Users/MAKTECH/Desktop/Project/Manobsheba/backend/artisan(37): Illuminate/Foundation/Console/Kernel->handle(Object(Symfony/Component/Console/Input/ArgvInput), Object(Symfony/Component/Console/Output/ConsoleOutput))
#23 {main}
"} 
[2026-05-06 05:49:33] laravel.EMERGENCY: Unable to create configured logger. Using emergency logger. {"exception":"[object] (InvalidArgumentException(code: 0): Log [] is not defined. at C:/Users/MAKTECH/Desktop/Project/Manobsheba/backend/vendor/laravel/framework/src/Illuminate/Log/LogManager.php:212)
[stacktrace]
#0 C:/Users/MAKTECH/Desktop/Project/Manobsheba/backend/vendor/laravel/framework/src/Illuminate/Log/LogManager.php(137): Illuminate/Log/LogManager->resolve(NULL, NULL)
#1 C:/Users/MAKTECH/Desktop/Project/Manobsheba/backend/vendor/laravel/framework/src/Illuminate/Log/LogManager.php(124): Illuminate/Log/LogManager->get(NULL)
#2 C:/Users/MAKTECH/Desktop/Project/Manobsheba/backend/vendor/laravel/framework/src/Illuminate/Log/LogManager.php(681): Illuminate/Log/LogManager->driver()
#3 C:/Users/MAKTECH/Desktop/Project/Manobsheba/backend/vendor/laravel/framework/src/Illuminate/Foundation/Exceptions/Handler.php(317): Illuminate/Log/LogManager->error('require(C://User...', Array)
#4 C:/Users/MAKTECH/Desktop/Project/Manobsheba/backend/vendor/laravel/framework/src/Illuminate/Foundation/Exceptions/Handler.php(278): Illuminate/Foundation/Exceptions/Handler->reportThrowable(Object(ErrorException))
#5 C:/Users/MAKTECH/Desktop/Project/Manobsheba/backend/vendor/laravel/framework/src/Illuminate/Foundation/Console/Kernel.php(523): Illuminate/Foundation/Exceptions/Handler->report(Object(ErrorException))
#6 C:/Users/MAKTECH/Desktop/Project/Manobsheba/backend/vendor/laravel/framework/src/Illuminate/Foundation/Console/Kernel.php(203): Illuminate/Foundation/Console/Kernel->reportException(Object(ErrorException))
#7 C:/Users/MAKTECH/Desktop/Project/Manobsheba/backend/artisan(37): Illuminate/Foundation/Console/Kernel->handle(Object(Symfony/Component/Console/Input/ArgvInput), Object(Symfony/Component/Console/Output/ConsoleOutput))
#8 {main}
"} 
[2026-05-06 05:49:33] laravel.ERROR: require(C:\Users\MAKTECH\Desktop\Project\Manobsheba\backend\routes/web.php): Failed to open stream: No such file or directory {"exception":"[object] (ErrorException(code: 0): require(C:\\Users\\MAKTECH\\Desktop\\Project\\Manobsheba\\backend\\routes/web.php): Failed to open stream: No such file or directory at C:/Users/MAKTECH/Desktop/Project/Manobsheba/backend/vendor/laravel/framework/src/Illuminate/Routing/RouteFileRegistrar.php:35)
[stacktrace]
#0 C:/Users/MAKTECH/Desktop/Project/Manobsheba/backend/vendor/laravel/framework/src/Illuminate/Foundation/Bootstrap/HandleExceptions.php(255): Illuminate/Foundation/Bootstrap/HandleExceptions->handleError(2, 'require(C://User...', 'C://Users//MAKTEC...', 35)
#1 C:/Users/MAKTECH/Desktop/Project/Manobsheba/backend/vendor/laravel/framework/src/Illuminate/Routing/RouteFileRegistrar.php(35): Illuminate/Foundation/Bootstrap/HandleExceptions->Illuminate/Foundation/Bootstrap/{closure}(2, 'require(C://User...', 'C://Users//MAKTEC...', 35)
#2 C:/Users/MAKTECH/Desktop/Project/Manobsheba/backend/vendor/laravel/framework/src/Illuminate/Routing/RouteFileRegistrar.php(35): require('C://Users//MAKTEC...')
#3 C:/Users/MAKTECH/Desktop/Project/Manobsheba/backend/vendor/laravel/framework/src/Illuminate/Routing/Router.php(511): Illuminate/Routing/RouteFileRegistrar->register('C://Users//MAKTEC...')
#4 C:/Users/MAKTECH/Desktop/Project/Manobsheba/backend/vendor/laravel/framework/src/Illuminate/Routing/Router.php(465): Illuminate/Routing/Router->loadRoutes('C://Users//MAKTEC...')
#5 C:/Users/MAKTECH/Desktop/Project/Manobsheba/backend/vendor/laravel/framework/src/Illuminate/Routing/RouteRegistrar.php(194): Illuminate/Routing/Router->group(Array, 'C://Users//MAKTEC...')
#6 C:/Users/MAKTECH/Desktop/Project/Manobsheba/backend/app/Providers/RouteServiceProvider.php(37): Illuminate/Routing/RouteRegistrar->group('C://Users//MAKTEC...')
#7 C:/Users/MAKTECH/Desktop/Project/Manobsheba/backend/vendor/laravel/framework/src/Illuminate/Container/BoundMethod.php(36): App/Providers/RouteServiceProvider->App/Providers/{closure}()
#8 C:/Users/MAKTECH/Desktop/Project/Manobsheba/backend/vendor/laravel/framework/src/Illuminate/Container/Util.php(41): Illuminate/Container/BoundMethod::Illuminate/Container/{closure}()
#9 C:/Users/MAKTECH/Desktop/Project/Manobsheba/backend/vendor/laravel/framework/src/Illuminate/Container/BoundMethod.php(81): Illuminate/Container/Util::unwrapIfClosure(Object(Closure))
#10 C:/Users/MAKTECH/Desktop/Project/Manobsheba/backend/vendor/laravel/framework/src/Illuminate/Container/BoundMethod.php(37): Illuminate/Container/BoundMethod::callBoundMethod(Object(Illuminate/Foundation/Application), Object(Closure), Object(Closure))
#11 C:/Users/MAKTECH/Desktop/Project/Manobsheba/backend/vendor/laravel/framework/src/Illuminate/Container/Container.php(662): Illuminate/Container/BoundMethod::call(Object(Illuminate/Foundation/Application), Object(Closure), Array, NULL)
#12 C:/Users/MAKTECH/Desktop/Project/Manobsheba/backend/vendor/laravel/framework/src/Illuminate/Foundation/Support/Providers/RouteServiceProvider.php(120): Illuminate/Container/Container->call(Object(Closure))
#13 C:/Users/MAKTECH/Desktop/Project/Manobsheba/backend/vendor/laravel/framework/src/Illuminate/Foundation/Support/Providers/RouteServiceProvider.php(45): Illuminate/Foundation/Support/Providers/RouteServiceProvider->loadRoutes()
#14 C:/Users/MAKTECH/Desktop/Project/Manobsheba/backend/vendor/laravel/framework/src/Illuminate/Container/BoundMethod.php(36): Illuminate/Foundation/Support/Providers/RouteServiceProvider->Illuminate/Foundation/Support/Providers/{closure}()
#15 C:/Users/MAKTECH/Desktop/Project/Manobsheba/backend/vendor/laravel/framework/src/Illuminate/Container/Util.php(41): Illuminate/Container/BoundMethod::Illuminate/Container/{closure}()
#16 C:/Users/MAKTECH/Desktop/Project/Manobsheba/backend/vendor/laravel/framework/src/Illuminate/Container/BoundMethod.php(81): Illuminate/Container/Util::unwrapIfClosure(Object(Closure))
#17 C:/Users/MAKTECH/Desktop/Project/Manobsheba/backend/vendor/laravel/framework/src/Illuminate/Container/BoundMethod.php(37): Illuminate/Container/BoundMethod::callBoundMethod(Object(Illuminate/Foundation/Application), Object(Closure), Object(Closure))
#18 C:/Users/MAKTECH/Desktop/Project/Manobsheba/backend/vendor/laravel/framework/src/Illuminate/Container/Container.php(662): Illuminate/Container/BoundMethod::call(Object(Illuminate/Foundation/Application), Object(Closure), Array, NULL)
#19 C:/Users/MAKTECH/Desktop/Project/Manobsheba/backend/vendor/laravel/framework/src/Illuminate/Support/ServiceProvider.php(119): Illuminate/Container/Container->call(Object(Closure))
#20 C:/Users/MAKTECH/Desktop/Project/Manobsheba/backend/vendor/laravel/framework/src/Illuminate/Foundation/Application.php(1062): Illuminate/Support/ServiceProvider->callBootedCallbacks()
#21 C:/Users/MAKTECH/Desktop/Project/Manobsheba/backend/vendor/laravel/framework/src/Illuminate/Foundation/Application.php(1040): Illuminate/Foundation/Application->bootProvider(Object(App/Providers/RouteServiceProvider))
#22 [internal function]: Illuminate/Foundation/Application->Illuminate/Foundation/{closure}(Object(App/Providers/RouteServiceProvider), 21)
#23 C:/Users/MAKTECH/Desktop/Project/Manobsheba/backend/vendor/laravel/framework/src/Illuminate/Foundation/Application.php(1041): array_walk(Array, Object(Closure))
#24 C:/Users/MAKTECH/Desktop/Project/Manobsheba/backend/vendor/laravel/framework/src/Illuminate/Foundation/Bootstrap/BootProviders.php(17): Illuminate/Foundation/Application->boot()
#25 C:/Users/MAKTECH/Desktop/Project/Manobsheba/backend/vendor/laravel/framework/src/Illuminate/Foundation/Application.php(286): Illuminate/Foundation/Bootstrap/BootProviders->bootstrap(Object(Illuminate/Foundation/Application))
#26 C:/Users/MAKTECH/Desktop/Project/Manobsheba/backend/vendor/laravel/framework/src/Illuminate/Foundation/Console/Kernel.php(447): Illuminate/Foundation/Application->bootstrapWith(Array)
#27 C:/Users/MAKTECH/Desktop/Project/Manobsheba/backend/vendor/laravel/framework/src/Illuminate/Foundation/Console/Kernel.php(199): Illuminate/Foundation/Console/Kernel->bootstrap()
#28 C:/Users/MAKTECH/Desktop/Project/Manobsheba/backend/artisan(37): Illuminate/Foundation/Console/Kernel->handle(Object(Symfony/Component/Console/Input/ArgvInput), Object(Symfony/Component/Console/Output/ConsoleOutput))
#29 {main}
"} 
[2026-05-06 05:49:42] laravel.EMERGENCY: Unable to create configured logger. Using emergency logger. {"exception":"[object] (InvalidArgumentException(code: 0): Log [] is not defined. at C:/Users/MAKTECH/Desktop/Project/Manobsheba/backend/vendor/laravel/framework/src/Illuminate/Log/LogManager.php:212)
[stacktrace]
#0 C:/Users/MAKTECH/Desktop/Project/Manobsheba/backend/vendor/laravel/framework/src/Illuminate/Log/LogManager.php(137): Illuminate/Log/LogManager->resolve(NULL, NULL)
#1 C:/Users/MAKTECH/Desktop/Project/Manobsheba/backend/vendor/laravel/framework/src/Illuminate/Log/LogManager.php(124): Illuminate/Log/LogManager->get(NULL)
#2 C:/Users/MAKTECH/Desktop/Project/Manobsheba/backend/vendor/laravel/framework/src/Illuminate/Log/LogManager.php(681): Illuminate/Log/LogManager->driver()
#3 C:/Users/MAKTECH/Desktop/Project/Manobsheba/backend/vendor/laravel/framework/src/Illuminate/Foundation/Exceptions/Handler.php(317): Illuminate/Log/LogManager->error('require(C://User...', Array)
#4 C:/Users/MAKTECH/Desktop/Project/Manobsheba/backend/vendor/laravel/framework/src/Illuminate/Foundation/Exceptions/Handler.php(278): Illuminate/Foundation/Exceptions/Handler->reportThrowable(Object(ErrorException))
#5 C:/Users/MAKTECH/Desktop/Project/Manobsheba/backend/vendor/laravel/framework/src/Illuminate/Foundation/Console/Kernel.php(523): Illuminate/Foundation/Exceptions/Handler->report(Object(ErrorException))
#6 C:/Users/MAKTECH/Desktop/Project/Manobsheba/backend/vendor/laravel/framework/src/Illuminate/Foundation/Console/Kernel.php(203): Illuminate/Foundation/Console/Kernel->reportException(Object(ErrorException))
#7 C:/Users/MAKTECH/Desktop/Project/Manobsheba/backend/artisan(37): Illuminate/Foundation/Console/Kernel->handle(Object(Symfony/Component/Console/Input/ArgvInput), Object(Symfony/Component/Console/Output/ConsoleOutput))
#8 {main}
"} 
[2026-05-06 05:49:42] laravel.ERROR: require(C:\Users\MAKTECH\Desktop\Project\Manobsheba\backend\routes/console.php): Failed to open stream: No such file or directory {"exception":"[object] (ErrorException(code: 0): require(C:\\Users\\MAKTECH\\Desktop\\Project\\Manobsheba\\backend\\routes/console.php): Failed to open stream: No such file or directory at C:/Users/MAKTECH/Desktop/Project/Manobsheba/backend/app/Console/Kernel.php:30)
[stacktrace]
#0 C:/Users/MAKTECH/Desktop/Project/Manobsheba/backend/vendor/laravel/framework/src/Illuminate/Foundation/Bootstrap/HandleExceptions.php(255): Illuminate/Foundation/Bootstrap/HandleExceptions->handleError(2, 'require(C://User...', 'C://Users//MAKTEC...', 30)
#1 C:/Users/MAKTECH/Desktop/Project/Manobsheba/backend/app/Console/Kernel.php(30): Illuminate/Foundation/Bootstrap/HandleExceptions->Illuminate/Foundation/Bootstrap/{closure}(2, 'require(C://User...', 'C://Users//MAKTEC...', 30)
#2 C:/Users/MAKTECH/Desktop/Project/Manobsheba/backend/app/Console/Kernel.php(30): require('C://Users//MAKTEC...')
#3 C:/Users/MAKTECH/Desktop/Project/Manobsheba/backend/vendor/laravel/framework/src/Illuminate/Foundation/Console/Kernel.php(453): App/Console/Kernel->commands()
#4 C:/Users/MAKTECH/Desktop/Project/Manobsheba/backend/vendor/laravel/framework/src/Illuminate/Foundation/Console/Kernel.php(199): Illuminate/Foundation/Console/Kernel->bootstrap()
#5 C:/Users/MAKTECH/Desktop/Project/Manobsheba/backend/artisan(37): Illuminate/Foundation/Console/Kernel->handle(Object(Symfony/Component/Console/Input/ArgvInput), Object(Symfony/Component/Console/Output/ConsoleOutput))
#6 {main}
"} 
[2026-05-06 05:50:26] laravel.EMERGENCY: Unable to create configured logger. Using emergency logger. {"exception":"[object] (InvalidArgumentException(code: 0): Log [] is not defined. at C:/Users/MAKTECH/Desktop/Project/Manobsheba/backend/vendor/laravel/framework/src/Illuminate/Log/LogManager.php:212)
[stacktrace]
#0 C:/Users/MAKTECH/Desktop/Project/Manobsheba/backend/vendor/laravel/framework/src/Illuminate/Log/LogManager.php(137): Illuminate/Log/LogManager->resolve(NULL, NULL)
#1 C:/Users/MAKTECH/Desktop/Project/Manobsheba/backend/vendor/laravel/framework/src/Illuminate/Log/LogManager.php(124): Illuminate/Log/LogManager->get(NULL)
#2 C:/Users/MAKTECH/Desktop/Project/Manobsheba/backend/vendor/laravel/framework/src/Illuminate/Log/LogManager.php(681): Illuminate/Log/LogManager->driver()
#3 C:/Users/MAKTECH/Desktop/Project/Manobsheba/backend/vendor/laravel/framework/src/Illuminate/Foundation/Exceptions/Handler.php(317): Illuminate/Log/LogManager->error('could not find ...', Array)
#4 C:/Users/MAKTECH/Desktop/Project/Manobsheba/backend/vendor/laravel/framework/src/Illuminate/Foundation/Exceptions/Handler.php(278): Illuminate/Foundation/Exceptions/Handler->reportThrowable(Object(Illuminate/Database/QueryException))
#5 C:/Users/MAKTECH/Desktop/Project/Manobsheba/backend/vendor/laravel/framework/src/Illuminate/Foundation/Console/Kernel.php(523): Illuminate/Foundation/Exceptions/Handler->report(Object(Illuminate/Database/QueryException))
#6 C:/Users/MAKTECH/Desktop/Project/Manobsheba/backend/vendor/laravel/framework/src/Illuminate/Foundation/Console/Kernel.php(203): Illuminate/Foundation/Console/Kernel->reportException(Object(Illuminate/Database/QueryException))
#7 C:/Users/MAKTECH/Desktop/Project/Manobsheba/backend/artisan(37): Illuminate/Foundation/Console/Kernel->handle(Object(Symfony/Component/Console/Input/ArgvInput), Object(Symfony/Component/Console/Output/ConsoleOutput))
#8 {main}
"} 
[2026-05-06 05:50:26] laravel.ERROR: could not find driver (Connection: mysql, SQL: select table_name as `name`, (data_length + index_length) as `size`, table_comment as `comment`, engine as `engine`, table_collation as `collation` from information_schema.tables where table_schema = 'manobsheba' and table_type in ('BASE TABLE', 'SYSTEM VERSIONED') order by table_name) {"exception":"[object] (Illuminate\\Database\\QueryException(code: 0): could not find driver (Connection: mysql, SQL: select table_name as `name`, (data_length + index_length) as `size`, table_comment as `comment`, engine as `engine`, table_collation as `collation` from information_schema.tables where table_schema = 'manobsheba' and table_type in ('BASE TABLE', 'SYSTEM VERSIONED') order by table_name) at C:/Users/MAKTECH/Desktop/Project/Manobsheba/backend/vendor/laravel/framework/src/Illuminate/Database/Connection.php:829)
[stacktrace]
#0 C:/Users/MAKTECH/Desktop/Project/Manobsheba/backend/vendor/laravel/framework/src/Illuminate/Database/Connection.php(783): Illuminate/Database/Connection->runQueryCallback('select table_na...', Array, Object(Closure))
#1 C:/Users/MAKTECH/Desktop/Project/Manobsheba/backend/vendor/laravel/framework/src/Illuminate/Database/Connection.php(431): Illuminate/Database/Connection->run('select table_na...', Array, Object(Closure))
#2 C:/Users/MAKTECH/Desktop/Project/Manobsheba/backend/vendor/laravel/framework/src/Illuminate/Database/Connection.php(401): Illuminate/Database/Connection->select('select table_na...', Array, false)
#3 C:/Users/MAKTECH/Desktop/Project/Manobsheba/backend/vendor/laravel/framework/src/Illuminate/Database/Schema/MySqlBuilder.php(42): Illuminate/Database/Connection->selectFromWriteConnection('select table_na...')
#4 C:/Users/MAKTECH/Desktop/Project/Manobsheba/backend/vendor/laravel/framework/src/Illuminate/Database/Schema/Builder.php(165): Illuminate/Database/Schema/MySqlBuilder->getTables(false)
#5 C:/Users/MAKTECH/Desktop/Project/Manobsheba/backend/vendor/laravel/framework/src/Illuminate/Database/Migrations/DatabaseMigrationRepository.php(184): Illuminate/Database/Schema/Builder->hasTable('migrations')
#6 C:/Users/MAKTECH/Desktop/Project/Manobsheba/backend/vendor/laravel/framework/src/Illuminate/Database/Migrations/Migrator.php(727): Illuminate/Database/Migrations/DatabaseMigrationRepository->repositoryExists()
#7 C:/Users/MAKTECH/Desktop/Project/Manobsheba/backend/vendor/laravel/framework/src/Illuminate/Database/Console/Migrations/MigrateCommand.php(140): Illuminate/Database/Migrations/Migrator->repositoryExists()
#8 C:/Users/MAKTECH/Desktop/Project/Manobsheba/backend/vendor/laravel/framework/src/Illuminate/Support/helpers.php(261): Illuminate/Database/Console/Migrations/MigrateCommand->Illuminate/Database/Console/Migrations/{closure}(1)
#9 C:/Users/MAKTECH/Desktop/Project/Manobsheba/backend/vendor/laravel/framework/src/Illuminate/Database/Console/Migrations/MigrateCommand.php(159): retry(1, Object(Closure), 0, Object(Closure))
#10 C:/Users/MAKTECH/Desktop/Project/Manobsheba/backend/vendor/laravel/framework/src/Illuminate/Database/Console/Migrations/MigrateCommand.php(116): Illuminate/Database/Console/Migrations/MigrateCommand->repositoryExists()
#11 C:/Users/MAKTECH/Desktop/Project/Manobsheba/backend/vendor/laravel/framework/src/Illuminate/Database/Console/Migrations/MigrateCommand.php(84): Illuminate/Database/Console/Migrations/MigrateCommand->prepareDatabase()
#12 C:/Users/MAKTECH/Desktop/Project/Manobsheba/backend/vendor/laravel/framework/src/Illuminate/Database/Migrations/Migrator.php(641): Illuminate/Database/Console/Migrations/MigrateCommand->Illuminate/Database/Console/Migrations/{closure}()
#13 C:/Users/MAKTECH/Desktop/Project/Manobsheba/backend/vendor/laravel/framework/src/Illuminate/Database/Console/Migrations/MigrateCommand.php(104): Illuminate/Database/Migrations/Migrator->usingConnection(NULL, Object(Closure))
#14 C:/Users/MAKTECH/Desktop/Project/Manobsheba/backend/vendor/laravel/framework/src/Illuminate/Container/BoundMethod.php(36): Illuminate/Database/Console/Migrations/MigrateCommand->handle()
#15 C:/Users/MAKTECH/Desktop/Project/Manobsheba/backend/vendor/laravel/framework/src/Illuminate/Container/Util.php(41): Illuminate/Container/BoundMethod::Illuminate/Container/{closure}()
#16 C:/Users/MAKTECH/Desktop/Project/Manobsheba/backend/vendor/laravel/framework/src/Illuminate/Container/BoundMethod.php(93): Illuminate/Container/Util::unwrapIfClosure(Object(Closure))
#17 C:/Users/MAKTECH/Desktop/Project/Manobsheba/backend/vendor/laravel/framework/src/Illuminate/Container/BoundMethod.php(37): Illuminate/Container/BoundMethod::callBoundMethod(Object(Illuminate/Foundation/Application), Array, Object(Closure))
#18 C:/Users/MAKTECH/Desktop/Project/Manobsheba/backend/vendor/laravel/framework/src/Illuminate/Container/Container.php(662): Illuminate/Container/BoundMethod::call(Object(Illuminate/Foundation/Application), Array, Array, NULL)
#19 C:/Users/MAKTECH/Desktop/Project/Manobsheba/backend/vendor/laravel/framework/src/Illuminate/Console/Command.php(211): Illuminate/Container/Container->call(Array)
#20 C:/Users/MAKTECH/Desktop/Project/Manobsheba/backend/vendor/symfony/console/Command/Command.php(326): Illuminate/Console/Command->execute(Object(Symfony/Component/Console/Input/ArgvInput), Object(Illuminate/Console/OutputStyle))
#21 C:/Users/MAKTECH/Desktop/Project/Manobsheba/backend/vendor/laravel/framework/src/Illuminate/Console/Command.php(181): Symfony/Component/Console/Command/Command->run(Object(Symfony/Component/Console/Input/ArgvInput), Object(Illuminate/Console/OutputStyle))
#22 C:/Users/MAKTECH/Desktop/Project/Manobsheba/backend/vendor/symfony/console/Application.php(1121): Illuminate/Console/Command->run(Object(Symfony/Component/Console/Input/ArgvInput), Object(Symfony/Component/Console/Output/ConsoleOutput))
#23 C:/Users/MAKTECH/Desktop/Project/Manobsheba/backend/vendor/symfony/console/Application.php(324): Symfony/Component/Console/Application->doRunCommand(Object(Illuminate/Database/Console/Migrations/MigrateCommand), Object(Symfony/Component/Console/Input/ArgvInput), Object(Symfony/Component/Console/Output/ConsoleOutput))
#24 C:/Users/MAKTECH/Desktop/Project/Manobsheba/backend/vendor/symfony/console/Application.php(175): Symfony/Component/Console/Application->doRun(Object(Symfony/Component/Console/Input/ArgvInput), Object(Symfony/Component/Console/Output/ConsoleOutput))
#25 C:/Users/MAKTECH/Desktop/Project/Manobsheba/backend/vendor/laravel/framework/src/Illuminate/Foundation/Console/Kernel.php(201): Symfony/Component/Console/Application->run(Object(Symfony/Component/Console/Input/ArgvInput), Object(Symfony/Component/Console/Output/ConsoleOutput))
#26 C:/Users/MAKTECH/Desktop/Project/Manobsheba/backend/artisan(37): Illuminate/Foundation/Console/Kernel->handle(Object(Symfony/Component/Console/Input/ArgvInput), Object(Symfony/Component/Console/Output/ConsoleOutput))
#27 {main}

[previous exception] [object] (PDOException(code: 0): could not find driver at C:/Users/MAKTECH/Desktop/Project/Manobsheba/backend/vendor/laravel/framework/src/Illuminate/Database/Connectors/Connector.php:65)
[stacktrace]
#0 C:/Users/MAKTECH/Desktop/Project/Manobsheba/backend/vendor/laravel/framework/src/Illuminate/Database/Connectors/Connector.php(65): PDO->__construct('mysql:host=127....', 'root', '', Array)
#1 C:/Users/MAKTECH/Desktop/Project/Manobsheba/backend/vendor/laravel/framework/src/Illuminate/Database/Connectors/Connector.php(45): Illuminate/Database/Connectors/Connector->createPdoConnection('mysql:host=127....', 'root', '', Array)
#2 C:/Users/MAKTECH/Desktop/Project/Manobsheba/backend/vendor/laravel/framework/src/Illuminate/Database/Connectors/MySqlConnector.php(24): Illuminate/Database/Connectors/Connector->createConnection('mysql:host=127....', Array, Array)
#3 C:/Users/MAKTECH/Desktop/Project/Manobsheba/backend/vendor/laravel/framework/src/Illuminate/Database/Connectors/ConnectionFactory.php(184): Illuminate/Database/Connectors/MySqlConnector->connect(Array)
#4 [internal function]: Illuminate/Database/Connectors/ConnectionFactory->Illuminate/Database/Connectors/{closure}()
#5 C:/Users/MAKTECH/Desktop/Project/Manobsheba/backend/vendor/laravel/framework/src/Illuminate/Database/Connection.php(1339): call_user_func(Object(Closure))
#6 C:/Users/MAKTECH/Desktop/Project/Manobsheba/backend/vendor/laravel/framework/src/Illuminate/Database/Connection.php(528): Illuminate/Database/Connection->getPdo()
#7 C:/Users/MAKTECH/Desktop/Project/Manobsheba/backend/vendor/laravel/framework/src/Illuminate/Database/Connection.php(423): Illuminate/Database/Connection->getPdoForSelect(false)
#8 C:/Users/MAKTECH/Desktop/Project/Manobsheba/backend/vendor/laravel/framework/src/Illuminate/Database/Connection.php(816): Illuminate/Database/Connection->Illuminate/Database/{closure}('select table_na...', Array)
#9 C:/Users/MAKTECH/Desktop/Project/Manobsheba/backend/vendor/laravel/framework/src/Illuminate/Database/Connection.php(783): Illuminate/Database/Connection->runQueryCallback('select table_na...', Array, Object(Closure))
#10 C:/Users/MAKTECH/Desktop/Project/Manobsheba/backend/vendor/laravel/framework/src/Illuminate/Database/Connection.php(431): Illuminate/Database/Connection->run('select table_na...', Array, Object(Closure))
#11 C:/Users/MAKTECH/Desktop/Project/Manobsheba/backend/vendor/laravel/framework/src/Illuminate/Database/Connection.php(401): Illuminate/Database/Connection->select('select table_na...', Array, false)
#12 C:/Users/MAKTECH/Desktop/Project/Manobsheba/backend/vendor/laravel/framework/src/Illuminate/Database/Schema/MySqlBuilder.php(42): Illuminate/Database/Connection->selectFromWriteConnection('select table_na...')
#13 C:/Users/MAKTECH/Desktop/Project/Manobsheba/backend/vendor/laravel/framework/src/Illuminate/Database/Schema/Builder.php(165): Illuminate/Database/Schema/MySqlBuilder->getTables(false)
#14 C:/Users/MAKTECH/Desktop/Project/Manobsheba/backend/vendor/laravel/framework/src/Illuminate/Database/Migrations/DatabaseMigrationRepository.php(184): Illuminate/Database/Schema/Builder->hasTable('migrations')
#15 C:/Users/MAKTECH/Desktop/Project/Manobsheba/backend/vendor/laravel/framework/src/Illuminate/Database/Migrations/Migrator.php(727): Illuminate/Database/Migrations/DatabaseMigrationRepository->repositoryExists()
#16 C:/Users/MAKTECH/Desktop/Project/Manobsheba/backend/vendor/laravel/framework/src/Illuminate/Database/Console/Migrations/MigrateCommand.php(140): Illuminate/Database/Migrations/Migrator->repositoryExists()
#17 C:/Users/MAKTECH/Desktop/Project/Manobsheba/backend/vendor/laravel/framework/src/Illuminate/Support/helpers.php(261): Illuminate/Database/Console/Migrations/MigrateCommand->Illuminate/Database/Console/Migrations/{closure}(1)
#18 C:/Users/MAKTECH/Desktop/Project/Manobsheba/backend/vendor/laravel/framework/src/Illuminate/Database/Console/Migrations/MigrateCommand.php(159): retry(1, Object(Closure), 0, Object(Closure))
#19 C:/Users/MAKTECH/Desktop/Project/Manobsheba/backend/vendor/laravel/framework/src/Illuminate/Database/Console/Migrations/MigrateCommand.php(116): Illuminate/Database/Console/Migrations/MigrateCommand->repositoryExists()
#20 C:/Users/MAKTECH/Desktop/Project/Manobsheba/backend/vendor/laravel/framework/src/Illuminate/Database/Console/Migrations/MigrateCommand.php(84): Illuminate/Database/Console/Migrations/MigrateCommand->prepareDatabase()
#21 C:/Users/MAKTECH/Desktop/Project/Manobsheba/backend/vendor/laravel/framework/src/Illuminate/Database/Migrations/Migrator.php(641): Illuminate/Database/Console/Migrations/MigrateCommand->Illuminate/Database/Console/Migrations/{closure}()
#22 C:/Users/MAKTECH/Desktop/Project/Manobsheba/backend/vendor/laravel/framework/src/Illuminate/Database/Console/Migrations/MigrateCommand.php(104): Illuminate/Database/Migrations/Migrator->usingConnection(NULL, Object(Closure))
#23 C:/Users/MAKTECH/Desktop/Project/Manobsheba/backend/vendor/laravel/framework/src/Illuminate/Container/BoundMethod.php(36): Illuminate/Database/Console/Migrations/MigrateCommand->handle()
#24 C:/Users/MAKTECH/Desktop/Project/Manobsheba/backend/vendor/laravel/framework/src/Illuminate/Container/Util.php(41): Illuminate/Container/BoundMethod::Illuminate/Container/{closure}()
#25 C:/Users/MAKTECH/Desktop/Project/Manobsheba/backend/vendor/laravel/framework/src/Illuminate/Container/BoundMethod.php(93): Illuminate/Container/Util::unwrapIfClosure(Object(Closure))
#26 C:/Users/MAKTECH/Desktop/Project/Manobsheba/backend/vendor/laravel/framework/src/Illuminate/Container/BoundMethod.php(37): Illuminate/Container/BoundMethod::callBoundMethod(Object(Illuminate/Foundation/Application), Array, Object(Closure))
#27 C:/Users/MAKTECH/Desktop/Project/Manobsheba/backend/vendor/laravel/framework/src/Illuminate/Container/Container.php(662): Illuminate/Container/BoundMethod::call(Object(Illuminate/Foundation/Application), Array, Array, NULL)
#28 C:/Users/MAKTECH/Desktop/Project/Manobsheba/backend/vendor/laravel/framework/src/Illuminate/Console/Command.php(211): Illuminate/Container/Container->call(Array)
#29 C:/Users/MAKTECH/Desktop/Project/Manobsheba/backend/vendor/symfony/console/Command/Command.php(326): Illuminate/Console/Command->execute(Object(Symfony/Component/Console/Input/ArgvInput), Object(Illuminate/Console/OutputStyle))
#30 C:/Users/MAKTECH/Desktop/Project/Manobsheba/backend/vendor/laravel/framework/src/Illuminate/Console/Command.php(181): Symfony/Component/Console/Command/Command->run(Object(Symfony/Component/Console/Input/ArgvInput), Object(Illuminate/Console/OutputStyle))
#31 C:/Users/MAKTECH/Desktop/Project/Manobsheba/backend/vendor/symfony/console/Application.php(1121): Illuminate/Console/Command->run(Object(Symfony/Component/Console/Input/ArgvInput), Object(Symfony/Component/Console/Output/ConsoleOutput))
#32 C:/Users/MAKTECH/Desktop/Project/Manobsheba/backend/vendor/symfony/console/Application.php(324): Symfony/Component/Console/Application->doRunCommand(Object(Illuminate/Database/Console/Migrations/MigrateCommand), Object(Symfony/Component/Console/Input/ArgvInput), Object(Symfony/Component/Console/Output/ConsoleOutput))
#33 C:/Users/MAKTECH/Desktop/Project/Manobsheba/backend/vendor/symfony/console/Application.php(175): Symfony/Component/Console/Application->doRun(Object(Symfony/Component/Console/Input/ArgvInput), Object(Symfony/Component/Console/Output/ConsoleOutput))
#34 C:/Users/MAKTECH/Desktop/Project/Manobsheba/backend/vendor/laravel/framework/src/Illuminate/Foundation/Console/Kernel.php(201): Symfony/Component/Console/Application->run(Object(Symfony/Component/Console/Input/ArgvInput), Object(Symfony/Component/Console/Output/ConsoleOutput))
#35 C:/Users/MAKTECH/Desktop/Project/Manobsheba/backend/artisan(37): Illuminate/Foundation/Console/Kernel->handle(Object(Symfony/Component/Console/Input/ArgvInput), Object(Symfony/Component/Console/Output/ConsoleOutput))
#36 {main}
"} 
[2026-05-06 05:51:23] laravel.EMERGENCY: Unable to create configured logger. Using emergency logger. {"exception":"[object] (InvalidArgumentException(code: 0): Log [] is not defined. at C:/Users/MAKTECH/Desktop/Project/Manobsheba/backend/vendor/laravel/framework/src/Illuminate/Log/LogManager.php:212)
[stacktrace]
#0 C:/Users/MAKTECH/Desktop/Project/Manobsheba/backend/vendor/laravel/framework/src/Illuminate/Log/LogManager.php(137): Illuminate/Log/LogManager->resolve(NULL, NULL)
#1 C:/Users/MAKTECH/Desktop/Project/Manobsheba/backend/vendor/laravel/framework/src/Illuminate/Log/LogManager.php(124): Illuminate/Log/LogManager->get(NULL)
#2 C:/Users/MAKTECH/Desktop/Project/Manobsheba/backend/vendor/laravel/framework/src/Illuminate/Log/LogManager.php(681): Illuminate/Log/LogManager->driver()
#3 C:/Users/MAKTECH/Desktop/Project/Manobsheba/backend/vendor/laravel/framework/src/Illuminate/Foundation/Exceptions/Handler.php(317): Illuminate/Log/LogManager->error('could not find ...', Array)
#4 C:/Users/MAKTECH/Desktop/Project/Manobsheba/backend/vendor/laravel/framework/src/Illuminate/Foundation/Exceptions/Handler.php(278): Illuminate/Foundation/Exceptions/Handler->reportThrowable(Object(Illuminate/Database/QueryException))
#5 C:/Users/MAKTECH/Desktop/Project/Manobsheba/backend/vendor/laravel/framework/src/Illuminate/Foundation/Console/Kernel.php(523): Illuminate/Foundation/Exceptions/Handler->report(Object(Illuminate/Database/QueryException))
#6 C:/Users/MAKTECH/Desktop/Project/Manobsheba/backend/vendor/laravel/framework/src/Illuminate/Foundation/Console/Kernel.php(203): Illuminate/Foundation/Console/Kernel->reportException(Object(Illuminate/Database/QueryException))
#7 C:/Users/MAKTECH/Desktop/Project/Manobsheba/backend/artisan(37): Illuminate/Foundation/Console/Kernel->handle(Object(Symfony/Component/Console/Input/ArgvInput), Object(Symfony/Component/Console/Output/ConsoleOutput))
#8 {main}
"} 
[2026-05-06 05:51:23] laravel.ERROR: could not find driver (Connection: sqlite, SQL: PRAGMA foreign_keys = ON;) {"exception":"[object] (Illuminate\\Database\\QueryException(code: 0): could not find driver (Connection: sqlite, SQL: PRAGMA foreign_keys = ON;) at C:/Users/MAKTECH/Desktop/Project/Manobsheba/backend/vendor/laravel/framework/src/Illuminate/Database/Connection.php:829)
[stacktrace]
#0 C:/Users/MAKTECH/Desktop/Project/Manobsheba/backend/vendor/laravel/framework/src/Illuminate/Database/Connection.php(783): Illuminate/Database/Connection->runQueryCallback('PRAGMA foreign_...', Array, Object(Closure))
#1 C:/Users/MAKTECH/Desktop/Project/Manobsheba/backend/vendor/laravel/framework/src/Illuminate/Database/Connection.php(588): Illuminate/Database/Connection->run('PRAGMA foreign_...', Array, Object(Closure))
#2 C:/Users/MAKTECH/Desktop/Project/Manobsheba/backend/vendor/laravel/framework/src/Illuminate/Database/Schema/Builder.php(561): Illuminate/Database/Connection->statement('PRAGMA foreign_...')
#3 C:/Users/MAKTECH/Desktop/Project/Manobsheba/backend/vendor/laravel/framework/src/Illuminate/Database/SQLiteConnection.php(36): Illuminate/Database/Schema/Builder->enableForeignKeyConstraints()
#4 C:/Users/MAKTECH/Desktop/Project/Manobsheba/backend/vendor/laravel/framework/src/Illuminate/Database/Connectors/ConnectionFactory.php(272): Illuminate/Database/SQLiteConnection->__construct(Object(Closure), 'database/databa...', '', Array)
#5 C:/Users/MAKTECH/Desktop/Project/Manobsheba/backend/vendor/laravel/framework/src/Illuminate/Database/Connectors/ConnectionFactory.php(76): Illuminate/Database/Connectors/ConnectionFactory->createConnection('sqlite', Object(Closure), 'database/databa...', '', Array)
#6 C:/Users/MAKTECH/Desktop/Project/Manobsheba/backend/vendor/laravel/framework/src/Illuminate/Database/Connectors/ConnectionFactory.php(50): Illuminate/Database/Connectors/ConnectionFactory->createSingleConnection(Array)
#7 C:/Users/MAKTECH/Desktop/Project/Manobsheba/backend/vendor/laravel/framework/src/Illuminate/Database/DatabaseManager.php(175): Illuminate/Database/Connectors/ConnectionFactory->make(Array, 'sqlite')
#8 C:/Users/MAKTECH/Desktop/Project/Manobsheba/backend/vendor/laravel/framework/src/Illuminate/Database/DatabaseManager.php(101): Illuminate/Database/DatabaseManager->makeConnection('sqlite')
#9 C:/Users/MAKTECH/Desktop/Project/Manobsheba/backend/vendor/laravel/framework/src/Illuminate/Database/Migrations/DatabaseMigrationRepository.php(226): Illuminate/Database/DatabaseManager->connection('sqlite')
#10 C:/Users/MAKTECH/Desktop/Project/Manobsheba/backend/vendor/laravel/framework/src/Illuminate/Database/Migrations/DatabaseMigrationRepository.php(182): Illuminate/Database/Migrations/DatabaseMigrationRepository->getConnection()
#11 C:/Users/MAKTECH/Desktop/Project/Manobsheba/backend/vendor/laravel/framework/src/Illuminate/Database/Migrations/Migrator.php(727): Illuminate/Database/Migrations/DatabaseMigrationRepository->repositoryExists()
#12 C:/Users/MAKTECH/Desktop/Project/Manobsheba/backend/vendor/laravel/framework/src/Illuminate/Database/Console/Migrations/MigrateCommand.php(140): Illuminate/Database/Migrations/Migrator->repositoryExists()
#13 C:/Users/MAKTECH/Desktop/Project/Manobsheba/backend/vendor/laravel/framework/src/Illuminate/Support/helpers.php(261): Illuminate/Database/Console/Migrations/MigrateCommand->Illuminate/Database/Console/Migrations/{closure}(1)
#14 C:/Users/MAKTECH/Desktop/Project/Manobsheba/backend/vendor/laravel/framework/src/Illuminate/Database/Console/Migrations/MigrateCommand.php(159): retry(1, Object(Closure), 0, Object(Closure))
#15 C:/Users/MAKTECH/Desktop/Project/Manobsheba/backend/vendor/laravel/framework/src/Illuminate/Database/Console/Migrations/MigrateCommand.php(116): Illuminate/Database/Console/Migrations/MigrateCommand->repositoryExists()
#16 C:/Users/MAKTECH/Desktop/Project/Manobsheba/backend/vendor/laravel/framework/src/Illuminate/Database/Console/Migrations/MigrateCommand.php(84): Illuminate/Database/Console/Migrations/MigrateCommand->prepareDatabase()
#17 C:/Users/MAKTECH/Desktop/Project/Manobsheba/backend/vendor/laravel/framework/src/Illuminate/Database/Migrations/Migrator.php(641): Illuminate/Database/Console/Migrations/MigrateCommand->Illuminate/Database/Console/Migrations/{closure}()
#18 C:/Users/MAKTECH/Desktop/Project/Manobsheba/backend/vendor/laravel/framework/src/Illuminate/Database/Console/Migrations/MigrateCommand.php(104): Illuminate/Database/Migrations/Migrator->usingConnection(NULL, Object(Closure))
#19 C:/Users/MAKTECH/Desktop/Project/Manobsheba/backend/vendor/laravel/framework/src/Illuminate/Container/BoundMethod.php(36): Illuminate/Database/Console/Migrations/MigrateCommand->handle()
#20 C:/Users/MAKTECH/Desktop/Project/Manobsheba/backend/vendor/laravel/framework/src/Illuminate/Container/Util.php(41): Illuminate/Container/BoundMethod::Illuminate/Container/{closure}()
#21 C:/Users/MAKTECH/Desktop/Project/Manobsheba/backend/vendor/laravel/framework/src/Illuminate/Container/BoundMethod.php(93): Illuminate/Container/Util::unwrapIfClosure(Object(Closure))
#22 C:/Users/MAKTECH/Desktop/Project/Manobsheba/backend/vendor/laravel/framework/src/Illuminate/Container/BoundMethod.php(37): Illuminate/Container/BoundMethod::callBoundMethod(Object(Illuminate/Foundation/Application), Array, Object(Closure))
#23 C:/Users/MAKTECH/Desktop/Project/Manobsheba/backend/vendor/laravel/framework/src/Illuminate/Container/Container.php(662): Illuminate/Container/BoundMethod::call(Object(Illuminate/Foundation/Application), Array, Array, NULL)
#24 C:/Users/MAKTECH/Desktop/Project/Manobsheba/backend/vendor/laravel/framework/src/Illuminate/Console/Command.php(211): Illuminate/Container/Container->call(Array)
#25 C:/Users/MAKTECH/Desktop/Project/Manobsheba/backend/vendor/symfony/console/Command/Command.php(326): Illuminate/Console/Command->execute(Object(Symfony/Component/Console/Input/ArgvInput), Object(Illuminate/Console/OutputStyle))
#26 C:/Users/MAKTECH/Desktop/Project/Manobsheba/backend/vendor/laravel/framework/src/Illuminate/Console/Command.php(181): Symfony/Component/Console/Command/Command->run(Object(Symfony/Component/Console/Input/ArgvInput), Object(Illuminate/Console/OutputStyle))
#27 C:/Users/MAKTECH/Desktop/Project/Manobsheba/backend/vendor/symfony/console/Application.php(1121): Illuminate/Console/Command->run(Object(Symfony/Component/Console/Input/ArgvInput), Object(Symfony/Component/Console/Output/ConsoleOutput))
#28 C:/Users/MAKTECH/Desktop/Project/Manobsheba/backend/vendor/symfony/console/Application.php(324): Symfony/Component/Console/Application->doRunCommand(Object(Illuminate/Database/Console/Migrations/MigrateCommand), Object(Symfony/Component/Console/Input/ArgvInput), Object(Symfony/Component/Console/Output/ConsoleOutput))
#29 C:/Users/MAKTECH/Desktop/Project/Manobsheba/backend/vendor/symfony/console/Application.php(175): Symfony/Component/Console/Application->doRun(Object(Symfony/Component/Console/Input/ArgvInput), Object(Symfony/Component/Console/Output/ConsoleOutput))
#30 C:/Users/MAKTECH/Desktop/Project/Manobsheba/backend/vendor/laravel/framework/src/Illuminate/Foundation/Console/Kernel.php(201): Symfony/Component/Console/Application->run(Object(Symfony/Component/Console/Input/ArgvInput), Object(Symfony/Component/Console/Output/ConsoleOutput))
#31 C:/Users/MAKTECH/Desktop/Project/Manobsheba/backend/artisan(37): Illuminate/Foundation/Console/Kernel->handle(Object(Symfony/Component/Console/Input/ArgvInput), Object(Symfony/Component/Console/Output/ConsoleOutput))
#32 {main}

[previous exception] [object] (PDOException(code: 0): could not find driver at C:/Users/MAKTECH/Desktop/Project/Manobsheba/backend/vendor/laravel/framework/src/Illuminate/Database/Connectors/Connector.php:65)
[stacktrace]
#0 C:/Users/MAKTECH/Desktop/Project/Manobsheba/backend/vendor/laravel/framework/src/Illuminate/Database/Connectors/Connector.php(65): PDO->__construct('sqlite:C://Users...', NULL, NULL, Array)
#1 C:/Users/MAKTECH/Desktop/Project/Manobsheba/backend/vendor/laravel/framework/src/Illuminate/Database/Connectors/Connector.php(45): Illuminate/Database/Connectors/Connector->createPdoConnection('sqlite:C://Users...', NULL, NULL, Array)
#2 C:/Users/MAKTECH/Desktop/Project/Manobsheba/backend/vendor/laravel/framework/src/Illuminate/Database/Connectors/SQLiteConnector.php(37): Illuminate/Database/Connectors/Connector->createConnection('sqlite:C://Users...', Array, Array)
#3 C:/Users/MAKTECH/Desktop/Project/Manobsheba/backend/vendor/laravel/framework/src/Illuminate/Database/Connectors/ConnectionFactory.php(221): Illuminate/Database/Connectors/SQLiteConnector->connect(Array)
#4 [internal function]: Illuminate/Database/Connectors/ConnectionFactory->Illuminate/Database/Connectors/{closure}()
#5 C:/Users/MAKTECH/Desktop/Project/Manobsheba/backend/vendor/laravel/framework/src/Illuminate/Database/Connection.php(1339): call_user_func(Object(Closure))
#6 C:/Users/MAKTECH/Desktop/Project/Manobsheba/backend/vendor/laravel/framework/src/Illuminate/Database/Connection.php(581): Illuminate/Database/Connection->getPdo()
#7 C:/Users/MAKTECH/Desktop/Project/Manobsheba/backend/vendor/laravel/framework/src/Illuminate/Database/Connection.php(816): Illuminate/Database/Connection->Illuminate/Database/{closure}('PRAGMA foreign_...', Array)
#8 C:/Users/MAKTECH/Desktop/Project/Manobsheba/backend/vendor/laravel/framework/src/Illuminate/Database/Connection.php(783): Illuminate/Database/Connection->runQueryCallback('PRAGMA foreign_...', Array, Object(Closure))
#9 C:/Users/MAKTECH/Desktop/Project/Manobsheba/backend/vendor/laravel/framework/src/Illuminate/Database/Connection.php(588): Illuminate/Database/Connection->run('PRAGMA foreign_...', Array, Object(Closure))
#10 C:/Users/MAKTECH/Desktop/Project/Manobsheba/backend/vendor/laravel/framework/src/Illuminate/Database/Schema/Builder.php(561): Illuminate/Database/Connection->statement('PRAGMA foreign_...')
#11 C:/Users/MAKTECH/Desktop/Project/Manobsheba/backend/vendor/laravel/framework/src/Illuminate/Database/SQLiteConnection.php(36): Illuminate/Database/Schema/Builder->enableForeignKeyConstraints()
#12 C:/Users/MAKTECH/Desktop/Project/Manobsheba/backend/vendor/laravel/framework/src/Illuminate/Database/Connectors/ConnectionFactory.php(272): Illuminate/Database/SQLiteConnection->__construct(Object(Closure), 'database/databa...', '', Array)
#13 C:/Users/MAKTECH/Desktop/Project/Manobsheba/backend/vendor/laravel/framework/src/Illuminate/Database/Connectors/ConnectionFactory.php(76): Illuminate/Database/Connectors/ConnectionFactory->createConnection('sqlite', Object(Closure), 'database/databa...', '', Array)
#14 C:/Users/MAKTECH/Desktop/Project/Manobsheba/backend/vendor/laravel/framework/src/Illuminate/Database/Connectors/ConnectionFactory.php(50): Illuminate/Database/Connectors/ConnectionFactory->createSingleConnection(Array)
#15 C:/Users/MAKTECH/Desktop/Project/Manobsheba/backend/vendor/laravel/framework/src/Illuminate/Database/DatabaseManager.php(175): Illuminate/Database/Connectors/ConnectionFactory->make(Array, 'sqlite')
#16 C:/Users/MAKTECH/Desktop/Project/Manobsheba/backend/vendor/laravel/framework/src/Illuminate/Database/DatabaseManager.php(101): Illuminate/Database/DatabaseManager->makeConnection('sqlite')
#17 C:/Users/MAKTECH/Desktop/Project/Manobsheba/backend/vendor/laravel/framework/src/Illuminate/Database/Migrations/DatabaseMigrationRepository.php(226): Illuminate/Database/DatabaseManager->connection('sqlite')
#18 C:/Users/MAKTECH/Desktop/Project/Manobsheba/backend/vendor/laravel/framework/src/Illuminate/Database/Migrations/DatabaseMigrationRepository.php(182): Illuminate/Database/Migrations/DatabaseMigrationRepository->getConnection()
#19 C:/Users/MAKTECH/Desktop/Project/Manobsheba/backend/vendor/laravel/framework/src/Illuminate/Database/Migrations/Migrator.php(727): Illuminate/Database/Migrations/DatabaseMigrationRepository->repositoryExists()
#20 C:/Users/MAKTECH/Desktop/Project/Manobsheba/backend/vendor/laravel/framework/src/Illuminate/Database/Console/Migrations/MigrateCommand.php(140): Illuminate/Database/Migrations/Migrator->repositoryExists()
#21 C:/Users/MAKTECH/Desktop/Project/Manobsheba/backend/vendor/laravel/framework/src/Illuminate/Support/helpers.php(261): Illuminate/Database/Console/Migrations/MigrateCommand->Illuminate/Database/Console/Migrations/{closure}(1)
#22 C:/Users/MAKTECH/Desktop/Project/Manobsheba/backend/vendor/laravel/framework/src/Illuminate/Database/Console/Migrations/MigrateCommand.php(159): retry(1, Object(Closure), 0, Object(Closure))
#23 C:/Users/MAKTECH/Desktop/Project/Manobsheba/backend/vendor/laravel/framework/src/Illuminate/Database/Console/Migrations/MigrateCommand.php(116): Illuminate/Database/Console/Migrations/MigrateCommand->repositoryExists()
#24 C:/Users/MAKTECH/Desktop/Project/Manobsheba/backend/vendor/laravel/framework/src/Illuminate/Database/Console/Migrations/MigrateCommand.php(84): Illuminate/Database/Console/Migrations/MigrateCommand->prepareDatabase()
#25 C:/Users/MAKTECH/Desktop/Project/Manobsheba/backend/vendor/laravel/framework/src/Illuminate/Database/Migrations/Migrator.php(641): Illuminate/Database/Console/Migrations/MigrateCommand->Illuminate/Database/Console/Migrations/{closure}()
#26 C:/Users/MAKTECH/Desktop/Project/Manobsheba/backend/vendor/laravel/framework/src/Illuminate/Database/Console/Migrations/MigrateCommand.php(104): Illuminate/Database/Migrations/Migrator->usingConnection(NULL, Object(Closure))
#27 C:/Users/MAKTECH/Desktop/Project/Manobsheba/backend/vendor/laravel/framework/src/Illuminate/Container/BoundMethod.php(36): Illuminate/Database/Console/Migrations/MigrateCommand->handle()
#28 C:/Users/MAKTECH/Desktop/Project/Manobsheba/backend/vendor/laravel/framework/src/Illuminate/Container/Util.php(41): Illuminate/Container/BoundMethod::Illuminate/Container/{closure}()
#29 C:/Users/MAKTECH/Desktop/Project/Manobsheba/backend/vendor/laravel/framework/src/Illuminate/Container/BoundMethod.php(93): Illuminate/Container/Util::unwrapIfClosure(Object(Closure))
#30 C:/Users/MAKTECH/Desktop/Project/Manobsheba/backend/vendor/laravel/framework/src/Illuminate/Container/BoundMethod.php(37): Illuminate/Container/BoundMethod::callBoundMethod(Object(Illuminate/Foundation/Application), Array, Object(Closure))
#31 C:/Users/MAKTECH/Desktop/Project/Manobsheba/backend/vendor/laravel/framework/src/Illuminate/Container/Container.php(662): Illuminate/Container/BoundMethod::call(Object(Illuminate/Foundation/Application), Array, Array, NULL)
#32 C:/Users/MAKTECH/Desktop/Project/Manobsheba/backend/vendor/laravel/framework/src/Illuminate/Console/Command.php(211): Illuminate/Container/Container->call(Array)
#33 C:/Users/MAKTECH/Desktop/Project/Manobsheba/backend/vendor/symfony/console/Command/Command.php(326): Illuminate/Console/Command->execute(Object(Symfony/Component/Console/Input/ArgvInput), Object(Illuminate/Console/OutputStyle))
#34 C:/Users/MAKTECH/Desktop/Project/Manobsheba/backend/vendor/laravel/framework/src/Illuminate/Console/Command.php(181): Symfony/Component/Console/Command/Command->run(Object(Symfony/Component/Console/Input/ArgvInput), Object(Illuminate/Console/OutputStyle))
#35 C:/Users/MAKTECH/Desktop/Project/Manobsheba/backend/vendor/symfony/console/Application.php(1121): Illuminate/Console/Command->run(Object(Symfony/Component/Console/Input/ArgvInput), Object(Symfony/Component/Console/Output/ConsoleOutput))
#36 C:/Users/MAKTECH/Desktop/Project/Manobsheba/backend/vendor/symfony/console/Application.php(324): Symfony/Component/Console/Application->doRunCommand(Object(Illuminate/Database/Console/Migrations/MigrateCommand), Object(Symfony/Component/Console/Input/ArgvInput), Object(Symfony/Component/Console/Output/ConsoleOutput))
#37 C:/Users/MAKTECH/Desktop/Project/Manobsheba/backend/vendor/symfony/console/Application.php(175): Symfony/Component/Console/Application->doRun(Object(Symfony/Component/Console/Input/ArgvInput), Object(Symfony/Component/Console/Output/ConsoleOutput))
#38 C:/Users/MAKTECH/Desktop/Project/Manobsheba/backend/vendor/laravel/framework/src/Illuminate/Foundation/Console/Kernel.php(201): Symfony/Component/Console/Application->run(Object(Symfony/Component/Console/Input/ArgvInput), Object(Symfony/Component/Console/Output/ConsoleOutput))
#39 C:/Users/MAKTECH/Desktop/Project/Manobsheba/backend/artisan(37): Illuminate/Foundation/Console/Kernel->handle(Object(Symfony/Component/Console/Input/ArgvInput), Object(Symfony/Component/Console/Output/ConsoleOutput))
#40 {main}
"} 
[2026-05-06 05:51:51] laravel.EMERGENCY: Unable to create configured logger. Using emergency logger. {"exception":"[object] (InvalidArgumentException(code: 0): Log [] is not defined. at C:/Users/MAKTECH/Desktop/Project/Manobsheba/backend/vendor/laravel/framework/src/Illuminate/Log/LogManager.php:212)
[stacktrace]
#0 C:/Users/MAKTECH/Desktop/Project/Manobsheba/backend/vendor/laravel/framework/src/Illuminate/Log/LogManager.php(137): Illuminate/Log/LogManager->resolve(NULL, NULL)
#1 C:/Users/MAKTECH/Desktop/Project/Manobsheba/backend/vendor/laravel/framework/src/Illuminate/Log/LogManager.php(124): Illuminate/Log/LogManager->get(NULL)
#2 C:/Users/MAKTECH/Desktop/Project/Manobsheba/backend/vendor/laravel/framework/src/Illuminate/Log/LogManager.php(681): Illuminate/Log/LogManager->driver()
#3 C:/Users/MAKTECH/Desktop/Project/Manobsheba/backend/vendor/laravel/framework/src/Illuminate/Foundation/Exceptions/Handler.php(317): Illuminate/Log/LogManager->error('Target class [D...', Array)
#4 C:/Users/MAKTECH/Desktop/Project/Manobsheba/backend/vendor/laravel/framework/src/Illuminate/Foundation/Exceptions/Handler.php(278): Illuminate/Foundation/Exceptions/Handler->reportThrowable(Object(Illuminate/Contracts/Container/BindingResolutionException))
#5 C:/Users/MAKTECH/Desktop/Project/Manobsheba/backend/vendor/laravel/framework/src/Illuminate/Foundation/Console/Kernel.php(523): Illuminate/Foundation/Exceptions/Handler->report(Object(Illuminate/Contracts/Container/BindingResolutionException))
#6 C:/Users/MAKTECH/Desktop/Project/Manobsheba/backend/vendor/laravel/framework/src/Illuminate/Foundation/Console/Kernel.php(203): Illuminate/Foundation/Console/Kernel->reportException(Object(Illuminate/Contracts/Container/BindingResolutionException))
#7 C:/Users/MAKTECH/Desktop/Project/Manobsheba/backend/artisan(37): Illuminate/Foundation/Console/Kernel->handle(Object(Symfony/Component/Console/Input/ArgvInput), Object(Symfony/Component/Console/Output/ConsoleOutput))
#8 {main}
"} 
[2026-05-06 05:51:51] laravel.ERROR: Target class [DatabaseSeeder] does not exist. {"exception":"[object] (Illuminate\\Contracts\\Container\\BindingResolutionException(code: 0): Target class [DatabaseSeeder] does not exist. at C:/Users/MAKTECH/Desktop/Project/Manobsheba/backend/vendor/laravel/framework/src/Illuminate/Container/Container.php:914)
[stacktrace]
#0 C:/Users/MAKTECH/Desktop/Project/Manobsheba/backend/vendor/laravel/framework/src/Illuminate/Container/Container.php(795): Illuminate/Container/Container->build('DatabaseSeeder')
#1 C:/Users/MAKTECH/Desktop/Project/Manobsheba/backend/vendor/laravel/framework/src/Illuminate/Foundation/Application.php(986): Illuminate/Container/Container->resolve('DatabaseSeeder', Array, true)
#2 C:/Users/MAKTECH/Desktop/Project/Manobsheba/backend/vendor/laravel/framework/src/Illuminate/Container/Container.php(731): Illuminate/Foundation/Application->resolve('DatabaseSeeder', Array)
#3 C:/Users/MAKTECH/Desktop/Project/Manobsheba/backend/vendor/laravel/framework/src/Illuminate/Foundation/Application.php(971): Illuminate/Container/Container->make('DatabaseSeeder', Array)
#4 C:/Users/MAKTECH/Desktop/Project/Manobsheba/backend/vendor/laravel/framework/src/Illuminate/Database/Console/Seeds/SeedCommand.php(98): Illuminate/Foundation/Application->make('DatabaseSeeder')
#5 C:/Users/MAKTECH/Desktop/Project/Manobsheba/backend/vendor/laravel/framework/src/Illuminate/Database/Console/Seeds/SeedCommand.php(70): Illuminate/Database/Console/Seeds/SeedCommand->getSeeder()
#6 C:/Users/MAKTECH/Desktop/Project/Manobsheba/backend/vendor/laravel/framework/src/Illuminate/Database/Eloquent/Concerns/GuardsAttributes.php(155): Illuminate/Database/Console/Seeds/SeedCommand->Illuminate/Database/Console/Seeds/{closure}()
#7 C:/Users/MAKTECH/Desktop/Project/Manobsheba/backend/vendor/laravel/framework/src/Illuminate/Database/Console/Seeds/SeedCommand.php(71): Illuminate/Database/Eloquent/Model::unguarded(Object(Closure))
#8 C:/Users/MAKTECH/Desktop/Project/Manobsheba/backend/vendor/laravel/framework/src/Illuminate/Container/BoundMethod.php(36): Illuminate/Database/Console/Seeds/SeedCommand->handle()
#9 C:/Users/MAKTECH/Desktop/Project/Manobsheba/backend/vendor/laravel/framework/src/Illuminate/Container/Util.php(41): Illuminate/Container/BoundMethod::Illuminate/Container/{closure}()
#10 C:/Users/MAKTECH/Desktop/Project/Manobsheba/backend/vendor/laravel/framework/src/Illuminate/Container/BoundMethod.php(93): Illuminate/Container/Util::unwrapIfClosure(Object(Closure))
#11 C:/Users/MAKTECH/Desktop/Project/Manobsheba/backend/vendor/laravel/framework/src/Illuminate/Container/BoundMethod.php(37): Illuminate/Container/BoundMethod::callBoundMethod(Object(Illuminate/Foundation/Application), Array, Object(Closure))
#12 C:/Users/MAKTECH/Desktop/Project/Manobsheba/backend/vendor/laravel/framework/src/Illuminate/Container/Container.php(662): Illuminate/Container/BoundMethod::call(Object(Illuminate/Foundation/Application), Array, Array, NULL)
#13 C:/Users/MAKTECH/Desktop/Project/Manobsheba/backend/vendor/laravel/framework/src/Illuminate/Console/Command.php(211): Illuminate/Container/Container->call(Array)
#14 C:/Users/MAKTECH/Desktop/Project/Manobsheba/backend/vendor/symfony/console/Command/Command.php(326): Illuminate/Console/Command->execute(Object(Symfony/Component/Console/Input/ArrayInput), Object(Illuminate/Console/OutputStyle))
#15 C:/Users/MAKTECH/Desktop/Project/Manobsheba/backend/vendor/laravel/framework/src/Illuminate/Console/Command.php(181): Symfony/Component/Console/Command/Command->run(Object(Symfony/Component/Console/Input/ArrayInput), Object(Illuminate/Console/OutputStyle))
#16 C:/Users/MAKTECH/Desktop/Project/Manobsheba/backend/vendor/laravel/framework/src/Illuminate/Console/Concerns/CallsCommands.php(68): Illuminate/Console/Command->run(Object(Symfony/Component/Console/Input/ArrayInput), Object(Illuminate/Console/OutputStyle))
#17 C:/Users/MAKTECH/Desktop/Project/Manobsheba/backend/vendor/laravel/framework/src/Illuminate/Console/Concerns/CallsCommands.php(28): Illuminate/Console/Command->runCommand('db:seed', Array, Object(Illuminate/Console/OutputStyle))
#18 C:/Users/MAKTECH/Desktop/Project/Manobsheba/backend/vendor/laravel/framework/src/Illuminate/Database/Console/Migrations/MigrateCommand.php(100): Illuminate/Console/Command->call('db:seed', Array)
#19 C:/Users/MAKTECH/Desktop/Project/Manobsheba/backend/vendor/laravel/framework/src/Illuminate/Database/Migrations/Migrator.php(641): Illuminate/Database/Console/Migrations/MigrateCommand->Illuminate/Database/Console/Migrations/{closure}()
#20 C:/Users/MAKTECH/Desktop/Project/Manobsheba/backend/vendor/laravel/framework/src/Illuminate/Database/Console/Migrations/MigrateCommand.php(104): Illuminate/Database/Migrations/Migrator->usingConnection(NULL, Object(Closure))
#21 C:/Users/MAKTECH/Desktop/Project/Manobsheba/backend/vendor/laravel/framework/src/Illuminate/Container/BoundMethod.php(36): Illuminate/Database/Console/Migrations/MigrateCommand->handle()
#22 C:/Users/MAKTECH/Desktop/Project/Manobsheba/backend/vendor/laravel/framework/src/Illuminate/Container/Util.php(41): Illuminate/Container/BoundMethod::Illuminate/Container/{closure}()
#23 C:/Users/MAKTECH/Desktop/Project/Manobsheba/backend/vendor/laravel/framework/src/Illuminate/Container/BoundMethod.php(93): Illuminate/Container/Util::unwrapIfClosure(Object(Closure))
#24 C:/Users/MAKTECH/Desktop/Project/Manobsheba/backend/vendor/laravel/framework/src/Illuminate/Container/BoundMethod.php(37): Illuminate/Container/BoundMethod::callBoundMethod(Object(Illuminate/Foundation/Application), Array, Object(Closure))
#25 C:/Users/MAKTECH/Desktop/Project/Manobsheba/backend/vendor/laravel/framework/src/Illuminate/Container/Container.php(662): Illuminate/Container/BoundMethod::call(Object(Illuminate/Foundation/Application), Array, Array, NULL)
#26 C:/Users/MAKTECH/Desktop/Project/Manobsheba/backend/vendor/laravel/framework/src/Illuminate/Console/Command.php(211): Illuminate/Container/Container->call(Array)
#27 C:/Users/MAKTECH/Desktop/Project/Manobsheba/backend/vendor/symfony/console/Command/Command.php(326): Illuminate/Console/Command->execute(Object(Symfony/Component/Console/Input/ArgvInput), Object(Illuminate/Console/OutputStyle))
#28 C:/Users/MAKTECH/Desktop/Project/Manobsheba/backend/vendor/laravel/framework/src/Illuminate/Console/Command.php(181): Symfony/Component/Console/Command/Command->run(Object(Symfony/Component/Console/Input/ArgvInput), Object(Illuminate/Console/OutputStyle))
#29 C:/Users/MAKTECH/Desktop/Project/Manobsheba/backend/vendor/symfony/console/Application.php(1121): Illuminate/Console/Command->run(Object(Symfony/Component/Console/Input/ArgvInput), Object(Symfony/Component/Console/Output/ConsoleOutput))
#30 C:/Users/MAKTECH/Desktop/Project/Manobsheba/backend/vendor/symfony/console/Application.php(324): Symfony/Component/Console/Application->doRunCommand(Object(Illuminate/Database/Console/Migrations/MigrateCommand), Object(Symfony/Component/Console/Input/ArgvInput), Object(Symfony/Component/Console/Output/ConsoleOutput))
#31 C:/Users/MAKTECH/Desktop/Project/Manobsheba/backend/vendor/symfony/console/Application.php(175): Symfony/Component/Console/Application->doRun(Object(Symfony/Component/Console/Input/ArgvInput), Object(Symfony/Component/Console/Output/ConsoleOutput))
#32 C:/Users/MAKTECH/Desktop/Project/Manobsheba/backend/vendor/laravel/framework/src/Illuminate/Foundation/Console/Kernel.php(201): Symfony/Component/Console/Application->run(Object(Symfony/Component/Console/Input/ArgvInput), Object(Symfony/Component/Console/Output/ConsoleOutput))
#33 C:/Users/MAKTECH/Desktop/Project/Manobsheba/backend/artisan(37): Illuminate/Foundation/Console/Kernel->handle(Object(Symfony/Component/Console/Input/ArgvInput), Object(Symfony/Component/Console/Output/ConsoleOutput))
#34 {main}

[previous exception] [object] (ReflectionException(code: -1): Class \"DatabaseSeeder\" does not exist at C:/Users/MAKTECH/Desktop/Project/Manobsheba/backend/vendor/laravel/framework/src/Illuminate/Container/Container.php:912)
[stacktrace]
#0 C:/Users/MAKTECH/Desktop/Project/Manobsheba/backend/vendor/laravel/framework/src/Illuminate/Container/Container.php(912): ReflectionClass->__construct('DatabaseSeeder')
#1 C:/Users/MAKTECH/Desktop/Project/Manobsheba/backend/vendor/laravel/framework/src/Illuminate/Container/Container.php(795): Illuminate/Container/Container->build('DatabaseSeeder')
#2 C:/Users/MAKTECH/Desktop/Project/Manobsheba/backend/vendor/laravel/framework/src/Illuminate/Foundation/Application.php(986): Illuminate/Container/Container->resolve('DatabaseSeeder', Array, true)
#3 C:/Users/MAKTECH/Desktop/Project/Manobsheba/backend/vendor/laravel/framework/src/Illuminate/Container/Container.php(731): Illuminate/Foundation/Application->resolve('DatabaseSeeder', Array)
#4 C:/Users/MAKTECH/Desktop/Project/Manobsheba/backend/vendor/laravel/framework/src/Illuminate/Foundation/Application.php(971): Illuminate/Container/Container->make('DatabaseSeeder', Array)
#5 C:/Users/MAKTECH/Desktop/Project/Manobsheba/backend/vendor/laravel/framework/src/Illuminate/Database/Console/Seeds/SeedCommand.php(98): Illuminate/Foundation/Application->make('DatabaseSeeder')
#6 C:/Users/MAKTECH/Desktop/Project/Manobsheba/backend/vendor/laravel/framework/src/Illuminate/Database/Console/Seeds/SeedCommand.php(70): Illuminate/Database/Console/Seeds/SeedCommand->getSeeder()
#7 C:/Users/MAKTECH/Desktop/Project/Manobsheba/backend/vendor/laravel/framework/src/Illuminate/Database/Eloquent/Concerns/GuardsAttributes.php(155): Illuminate/Database/Console/Seeds/SeedCommand->Illuminate/Database/Console/Seeds/{closure}()
#8 C:/Users/MAKTECH/Desktop/Project/Manobsheba/backend/vendor/laravel/framework/src/Illuminate/Database/Console/Seeds/SeedCommand.php(71): Illuminate/Database/Eloquent/Model::unguarded(Object(Closure))
#9 C:/Users/MAKTECH/Desktop/Project/Manobsheba/backend/vendor/laravel/framework/src/Illuminate/Container/BoundMethod.php(36): Illuminate/Database/Console/Seeds/SeedCommand->handle()
#10 C:/Users/MAKTECH/Desktop/Project/Manobsheba/backend/vendor/laravel/framework/src/Illuminate/Container/Util.php(41): Illuminate/Container/BoundMethod::Illuminate/Container/{closure}()
#11 C:/Users/MAKTECH/Desktop/Project/Manobsheba/backend/vendor/laravel/framework/src/Illuminate/Container/BoundMethod.php(93): Illuminate/Container/Util::unwrapIfClosure(Object(Closure))
#12 C:/Users/MAKTECH/Desktop/Project/Manobsheba/backend/vendor/laravel/framework/src/Illuminate/Container/BoundMethod.php(37): Illuminate/Container/BoundMethod::callBoundMethod(Object(Illuminate/Foundation/Application), Array, Object(Closure))
#13 C:/Users/MAKTECH/Desktop/Project/Manobsheba/backend/vendor/laravel/framework/src/Illuminate/Container/Container.php(662): Illuminate/Container/BoundMethod::call(Object(Illuminate/Foundation/Application), Array, Array, NULL)
#14 C:/Users/MAKTECH/Desktop/Project/Manobsheba/backend/vendor/laravel/framework/src/Illuminate/Console/Command.php(211): Illuminate/Container/Container->call(Array)
#15 C:/Users/MAKTECH/Desktop/Project/Manobsheba/backend/vendor/symfony/console/Command/Command.php(326): Illuminate/Console/Command->execute(Object(Symfony/Component/Console/Input/ArrayInput), Object(Illuminate/Console/OutputStyle))
#16 C:/Users/MAKTECH/Desktop/Project/Manobsheba/backend/vendor/laravel/framework/src/Illuminate/Console/Command.php(181): Symfony/Component/Console/Command/Command->run(Object(Symfony/Component/Console/Input/ArrayInput), Object(Illuminate/Console/OutputStyle))
#17 C:/Users/MAKTECH/Desktop/Project/Manobsheba/backend/vendor/laravel/framework/src/Illuminate/Console/Concerns/CallsCommands.php(68): Illuminate/Console/Command->run(Object(Symfony/Component/Console/Input/ArrayInput), Object(Illuminate/Console/OutputStyle))
#18 C:/Users/MAKTECH/Desktop/Project/Manobsheba/backend/vendor/laravel/framework/src/Illuminate/Console/Concerns/CallsCommands.php(28): Illuminate/Console/Command->runCommand('db:seed', Array, Object(Illuminate/Console/OutputStyle))
#19 C:/Users/MAKTECH/Desktop/Project/Manobsheba/backend/vendor/laravel/framework/src/Illuminate/Database/Console/Migrations/MigrateCommand.php(100): Illuminate/Console/Command->call('db:seed', Array)
#20 C:/Users/MAKTECH/Desktop/Project/Manobsheba/backend/vendor/laravel/framework/src/Illuminate/Database/Migrations/Migrator.php(641): Illuminate/Database/Console/Migrations/MigrateCommand->Illuminate/Database/Console/Migrations/{closure}()
#21 C:/Users/MAKTECH/Desktop/Project/Manobsheba/backend/vendor/laravel/framework/src/Illuminate/Database/Console/Migrations/MigrateCommand.php(104): Illuminate/Database/Migrations/Migrator->usingConnection(NULL, Object(Closure))
#22 C:/Users/MAKTECH/Desktop/Project/Manobsheba/backend/vendor/laravel/framework/src/Illuminate/Container/BoundMethod.php(36): Illuminate/Database/Console/Migrations/MigrateCommand->handle()
#23 C:/Users/MAKTECH/Desktop/Project/Manobsheba/backend/vendor/laravel/framework/src/Illuminate/Container/Util.php(41): Illuminate/Container/BoundMethod::Illuminate/Container/{closure}()
#24 C:/Users/MAKTECH/Desktop/Project/Manobsheba/backend/vendor/laravel/framework/src/Illuminate/Container/BoundMethod.php(93): Illuminate/Container/Util::unwrapIfClosure(Object(Closure))
#25 C:/Users/MAKTECH/Desktop/Project/Manobsheba/backend/vendor/laravel/framework/src/Illuminate/Container/BoundMethod.php(37): Illuminate/Container/BoundMethod::callBoundMethod(Object(Illuminate/Foundation/Application), Array, Object(Closure))
#26 C:/Users/MAKTECH/Desktop/Project/Manobsheba/backend/vendor/laravel/framework/src/Illuminate/Container/Container.php(662): Illuminate/Container/BoundMethod::call(Object(Illuminate/Foundation/Application), Array, Array, NULL)
#27 C:/Users/MAKTECH/Desktop/Project/Manobsheba/backend/vendor/laravel/framework/src/Illuminate/Console/Command.php(211): Illuminate/Container/Container->call(Array)
#28 C:/Users/MAKTECH/Desktop/Project/Manobsheba/backend/vendor/symfony/console/Command/Command.php(326): Illuminate/Console/Command->execute(Object(Symfony/Component/Console/Input/ArgvInput), Object(Illuminate/Console/OutputStyle))
#29 C:/Users/MAKTECH/Desktop/Project/Manobsheba/backend/vendor/laravel/framework/src/Illuminate/Console/Command.php(181): Symfony/Component/Console/Command/Command->run(Object(Symfony/Component/Console/Input/ArgvInput), Object(Illuminate/Console/OutputStyle))
#30 C:/Users/MAKTECH/Desktop/Project/Manobsheba/backend/vendor/symfony/console/Application.php(1121): Illuminate/Console/Command->run(Object(Symfony/Component/Console/Input/ArgvInput), Object(Symfony/Component/Console/Output/ConsoleOutput))
#31 C:/Users/MAKTECH/Desktop/Project/Manobsheba/backend/vendor/symfony/console/Application.php(324): Symfony/Component/Console/Application->doRunCommand(Object(Illuminate/Database/Console/Migrations/MigrateCommand), Object(Symfony/Component/Console/Input/ArgvInput), Object(Symfony/Component/Console/Output/ConsoleOutput))
#32 C:/Users/MAKTECH/Desktop/Project/Manobsheba/backend/vendor/symfony/console/Application.php(175): Symfony/Component/Console/Application->doRun(Object(Symfony/Component/Console/Input/ArgvInput), Object(Symfony/Component/Console/Output/ConsoleOutput))
#33 C:/Users/MAKTECH/Desktop/Project/Manobsheba/backend/vendor/laravel/framework/src/Illuminate/Foundation/Console/Kernel.php(201): Symfony/Component/Console/Application->run(Object(Symfony/Component/Console/Input/ArgvInput), Object(Symfony/Component/Console/Output/ConsoleOutput))
#34 C:/Users/MAKTECH/Desktop/Project/Manobsheba/backend/artisan(37): Illuminate/Foundation/Console/Kernel->handle(Object(Symfony/Component/Console/Input/ArgvInput), Object(Symfony/Component/Console/Output/ConsoleOutput))
#35 {main}
"} 
[2026-05-06 05:52:32] laravel.EMERGENCY: Unable to create configured logger. Using emergency logger. {"exception":"[object] (InvalidArgumentException(code: 0): Log [] is not defined. at C:/Users/MAKTECH/Desktop/Project/Manobsheba/backend/vendor/laravel/framework/src/Illuminate/Log/LogManager.php:212)
[stacktrace]
#0 C:/Users/MAKTECH/Desktop/Project/Manobsheba/backend/vendor/laravel/framework/src/Illuminate/Log/LogManager.php(137): Illuminate/Log/LogManager->resolve(NULL, NULL)
#1 C:/Users/MAKTECH/Desktop/Project/Manobsheba/backend/vendor/laravel/framework/src/Illuminate/Log/LogManager.php(124): Illuminate/Log/LogManager->get(NULL)
#2 C:/Users/MAKTECH/Desktop/Project/Manobsheba/backend/vendor/laravel/framework/src/Illuminate/Log/LogManager.php(681): Illuminate/Log/LogManager->driver()
#3 C:/Users/MAKTECH/Desktop/Project/Manobsheba/backend/vendor/laravel/framework/src/Illuminate/Foundation/Exceptions/Handler.php(317): Illuminate/Log/LogManager->error('Target class [D...', Array)
#4 C:/Users/MAKTECH/Desktop/Project/Manobsheba/backend/vendor/laravel/framework/src/Illuminate/Foundation/Exceptions/Handler.php(278): Illuminate/Foundation/Exceptions/Handler->reportThrowable(Object(Illuminate/Contracts/Container/BindingResolutionException))
#5 C:/Users/MAKTECH/Desktop/Project/Manobsheba/backend/vendor/laravel/framework/src/Illuminate/Foundation/Console/Kernel.php(523): Illuminate/Foundation/Exceptions/Handler->report(Object(Illuminate/Contracts/Container/BindingResolutionException))
#6 C:/Users/MAKTECH/Desktop/Project/Manobsheba/backend/vendor/laravel/framework/src/Illuminate/Foundation/Console/Kernel.php(203): Illuminate/Foundation/Console/Kernel->reportException(Object(Illuminate/Contracts/Container/BindingResolutionException))
#7 C:/Users/MAKTECH/Desktop/Project/Manobsheba/backend/artisan(37): Illuminate/Foundation/Console/Kernel->handle(Object(Symfony/Component/Console/Input/ArgvInput), Object(Symfony/Component/Console/Output/ConsoleOutput))
#8 {main}
"} 
[2026-05-06 05:52:32] laravel.ERROR: Target class [DatabaseSeeder] does not exist. {"exception":"[object] (Illuminate\\Contracts\\Container\\BindingResolutionException(code: 0): Target class [DatabaseSeeder] does not exist. at C:/Users/MAKTECH/Desktop/Project/Manobsheba/backend/vendor/laravel/framework/src/Illuminate/Container/Container.php:914)
[stacktrace]
#0 C:/Users/MAKTECH/Desktop/Project/Manobsheba/backend/vendor/laravel/framework/src/Illuminate/Container/Container.php(795): Illuminate/Container/Container->build('DatabaseSeeder')
#1 C:/Users/MAKTECH/Desktop/Project/Manobsheba/backend/vendor/laravel/framework/src/Illuminate/Foundation/Application.php(986): Illuminate/Container/Container->resolve('DatabaseSeeder', Array, true)
#2 C:/Users/MAKTECH/Desktop/Project/Manobsheba/backend/vendor/laravel/framework/src/Illuminate/Container/Container.php(731): Illuminate/Foundation/Application->resolve('DatabaseSeeder', Array)
#3 C:/Users/MAKTECH/Desktop/Project/Manobsheba/backend/vendor/laravel/framework/src/Illuminate/Foundation/Application.php(971): Illuminate/Container/Container->make('DatabaseSeeder', Array)
#4 C:/Users/MAKTECH/Desktop/Project/Manobsheba/backend/vendor/laravel/framework/src/Illuminate/Database/Console/Seeds/SeedCommand.php(98): Illuminate/Foundation/Application->make('DatabaseSeeder')
#5 C:/Users/MAKTECH/Desktop/Project/Manobsheba/backend/vendor/laravel/framework/src/Illuminate/Database/Console/Seeds/SeedCommand.php(70): Illuminate/Database/Console/Seeds/SeedCommand->getSeeder()
#6 C:/Users/MAKTECH/Desktop/Project/Manobsheba/backend/vendor/laravel/framework/src/Illuminate/Database/Eloquent/Concerns/GuardsAttributes.php(155): Illuminate/Database/Console/Seeds/SeedCommand->Illuminate/Database/Console/Seeds/{closure}()
#7 C:/Users/MAKTECH/Desktop/Project/Manobsheba/backend/vendor/laravel/framework/src/Illuminate/Database/Console/Seeds/SeedCommand.php(71): Illuminate/Database/Eloquent/Model::unguarded(Object(Closure))
#8 C:/Users/MAKTECH/Desktop/Project/Manobsheba/backend/vendor/laravel/framework/src/Illuminate/Container/BoundMethod.php(36): Illuminate/Database/Console/Seeds/SeedCommand->handle()
#9 C:/Users/MAKTECH/Desktop/Project/Manobsheba/backend/vendor/laravel/framework/src/Illuminate/Container/Util.php(41): Illuminate/Container/BoundMethod::Illuminate/Container/{closure}()
#10 C:/Users/MAKTECH/Desktop/Project/Manobsheba/backend/vendor/laravel/framework/src/Illuminate/Container/BoundMethod.php(93): Illuminate/Container/Util::unwrapIfClosure(Object(Closure))
#11 C:/Users/MAKTECH/Desktop/Project/Manobsheba/backend/vendor/laravel/framework/src/Illuminate/Container/BoundMethod.php(37): Illuminate/Container/BoundMethod::callBoundMethod(Object(Illuminate/Foundation/Application), Array, Object(Closure))
#12 C:/Users/MAKTECH/Desktop/Project/Manobsheba/backend/vendor/laravel/framework/src/Illuminate/Container/Container.php(662): Illuminate/Container/BoundMethod::call(Object(Illuminate/Foundation/Application), Array, Array, NULL)
#13 C:/Users/MAKTECH/Desktop/Project/Manobsheba/backend/vendor/laravel/framework/src/Illuminate/Console/Command.php(211): Illuminate/Container/Container->call(Array)
#14 C:/Users/MAKTECH/Desktop/Project/Manobsheba/backend/vendor/symfony/console/Command/Command.php(326): Illuminate/Console/Command->execute(Object(Symfony/Component/Console/Input/ArrayInput), Object(Illuminate/Console/OutputStyle))
#15 C:/Users/MAKTECH/Desktop/Project/Manobsheba/backend/vendor/laravel/framework/src/Illuminate/Console/Command.php(181): Symfony/Component/Console/Command/Command->run(Object(Symfony/Component/Console/Input/ArrayInput), Object(Illuminate/Console/OutputStyle))
#16 C:/Users/MAKTECH/Desktop/Project/Manobsheba/backend/vendor/laravel/framework/src/Illuminate/Console/Concerns/CallsCommands.php(68): Illuminate/Console/Command->run(Object(Symfony/Component/Console/Input/ArrayInput), Object(Illuminate/Console/OutputStyle))
#17 C:/Users/MAKTECH/Desktop/Project/Manobsheba/backend/vendor/laravel/framework/src/Illuminate/Console/Concerns/CallsCommands.php(28): Illuminate/Console/Command->runCommand('db:seed', Array, Object(Illuminate/Console/OutputStyle))
#18 C:/Users/MAKTECH/Desktop/Project/Manobsheba/backend/vendor/laravel/framework/src/Illuminate/Database/Console/Migrations/MigrateCommand.php(100): Illuminate/Console/Command->call('db:seed', Array)
#19 C:/Users/MAKTECH/Desktop/Project/Manobsheba/backend/vendor/laravel/framework/src/Illuminate/Database/Migrations/Migrator.php(641): Illuminate/Database/Console/Migrations/MigrateCommand->Illuminate/Database/Console/Migrations/{closure}()
#20 C:/Users/MAKTECH/Desktop/Project/Manobsheba/backend/vendor/laravel/framework/src/Illuminate/Database/Console/Migrations/MigrateCommand.php(104): Illuminate/Database/Migrations/Migrator->usingConnection(NULL, Object(Closure))
#21 C:/Users/MAKTECH/Desktop/Project/Manobsheba/backend/vendor/laravel/framework/src/Illuminate/Container/BoundMethod.php(36): Illuminate/Database/Console/Migrations/MigrateCommand->handle()
#22 C:/Users/MAKTECH/Desktop/Project/Manobsheba/backend/vendor/laravel/framework/src/Illuminate/Container/Util.php(41): Illuminate/Container/BoundMethod::Illuminate/Container/{closure}()
#23 C:/Users/MAKTECH/Desktop/Project/Manobsheba/backend/vendor/laravel/framework/src/Illuminate/Container/BoundMethod.php(93): Illuminate/Container/Util::unwrapIfClosure(Object(Closure))
#24 C:/Users/MAKTECH/Desktop/Project/Manobsheba/backend/vendor/laravel/framework/src/Illuminate/Container/BoundMethod.php(37): Illuminate/Container/BoundMethod::callBoundMethod(Object(Illuminate/Foundation/Application), Array, Object(Closure))
#25 C:/Users/MAKTECH/Desktop/Project/Manobsheba/backend/vendor/laravel/framework/src/Illuminate/Container/Container.php(662): Illuminate/Container/BoundMethod::call(Object(Illuminate/Foundation/Application), Array, Array, NULL)
#26 C:/Users/MAKTECH/Desktop/Project/Manobsheba/backend/vendor/laravel/framework/src/Illuminate/Console/Command.php(211): Illuminate/Container/Container->call(Array)
#27 C:/Users/MAKTECH/Desktop/Project/Manobsheba/backend/vendor/symfony/console/Command/Command.php(326): Illuminate/Console/Command->execute(Object(Symfony/Component/Console/Input/ArgvInput), Object(Illuminate/Console/OutputStyle))
#28 C:/Users/MAKTECH/Desktop/Project/Manobsheba/backend/vendor/laravel/framework/src/Illuminate/Console/Command.php(181): Symfony/Component/Console/Command/Command->run(Object(Symfony/Component/Console/Input/ArgvInput), Object(Illuminate/Console/OutputStyle))
#29 C:/Users/MAKTECH/Desktop/Project/Manobsheba/backend/vendor/symfony/console/Application.php(1121): Illuminate/Console/Command->run(Object(Symfony/Component/Console/Input/ArgvInput), Object(Symfony/Component/Console/Output/ConsoleOutput))
#30 C:/Users/MAKTECH/Desktop/Project/Manobsheba/backend/vendor/symfony/console/Application.php(324): Symfony/Component/Console/Application->doRunCommand(Object(Illuminate/Database/Console/Migrations/MigrateCommand), Object(Symfony/Component/Console/Input/ArgvInput), Object(Symfony/Component/Console/Output/ConsoleOutput))
#31 C:/Users/MAKTECH/Desktop/Project/Manobsheba/backend/vendor/symfony/console/Application.php(175): Symfony/Component/Console/Application->doRun(Object(Symfony/Component/Console/Input/ArgvInput), Object(Symfony/Component/Console/Output/ConsoleOutput))
#32 C:/Users/MAKTECH/Desktop/Project/Manobsheba/backend/vendor/laravel/framework/src/Illuminate/Foundation/Console/Kernel.php(201): Symfony/Component/Console/Application->run(Object(Symfony/Component/Console/Input/ArgvInput), Object(Symfony/Component/Console/Output/ConsoleOutput))
#33 C:/Users/MAKTECH/Desktop/Project/Manobsheba/backend/artisan(37): Illuminate/Foundation/Console/Kernel->handle(Object(Symfony/Component/Console/Input/ArgvInput), Object(Symfony/Component/Console/Output/ConsoleOutput))
#34 {main}

[previous exception] [object] (ReflectionException(code: -1): Class \"DatabaseSeeder\" does not exist at C:/Users/MAKTECH/Desktop/Project/Manobsheba/backend/vendor/laravel/framework/src/Illuminate/Container/Container.php:912)
[stacktrace]
#0 C:/Users/MAKTECH/Desktop/Project/Manobsheba/backend/vendor/laravel/framework/src/Illuminate/Container/Container.php(912): ReflectionClass->__construct('DatabaseSeeder')
#1 C:/Users/MAKTECH/Desktop/Project/Manobsheba/backend/vendor/laravel/framework/src/Illuminate/Container/Container.php(795): Illuminate/Container/Container->build('DatabaseSeeder')
#2 C:/Users/MAKTECH/Desktop/Project/Manobsheba/backend/vendor/laravel/framework/src/Illuminate/Foundation/Application.php(986): Illuminate/Container/Container->resolve('DatabaseSeeder', Array, true)
#3 C:/Users/MAKTECH/Desktop/Project/Manobsheba/backend/vendor/laravel/framework/src/Illuminate/Container/Container.php(731): Illuminate/Foundation/Application->resolve('DatabaseSeeder', Array)
#4 C:/Users/MAKTECH/Desktop/Project/Manobsheba/backend/vendor/laravel/framework/src/Illuminate/Foundation/Application.php(971): Illuminate/Container/Container->make('DatabaseSeeder', Array)
#5 C:/Users/MAKTECH/Desktop/Project/Manobsheba/backend/vendor/laravel/framework/src/Illuminate/Database/Console/Seeds/SeedCommand.php(98): Illuminate/Foundation/Application->make('DatabaseSeeder')
#6 C:/Users/MAKTECH/Desktop/Project/Manobsheba/backend/vendor/laravel/framework/src/Illuminate/Database/Console/Seeds/SeedCommand.php(70): Illuminate/Database/Console/Seeds/SeedCommand->getSeeder()
#7 C:/Users/MAKTECH/Desktop/Project/Manobsheba/backend/vendor/laravel/framework/src/Illuminate/Database/Eloquent/Concerns/GuardsAttributes.php(155): Illuminate/Database/Console/Seeds/SeedCommand->Illuminate/Database/Console/Seeds/{closure}()
#8 C:/Users/MAKTECH/Desktop/Project/Manobsheba/backend/vendor/laravel/framework/src/Illuminate/Database/Console/Seeds/SeedCommand.php(71): Illuminate/Database/Eloquent/Model::unguarded(Object(Closure))
#9 C:/Users/MAKTECH/Desktop/Project/Manobsheba/backend/vendor/laravel/framework/src/Illuminate/Container/BoundMethod.php(36): Illuminate/Database/Console/Seeds/SeedCommand->handle()
#10 C:/Users/MAKTECH/Desktop/Project/Manobsheba/backend/vendor/laravel/framework/src/Illuminate/Container/Util.php(41): Illuminate/Container/BoundMethod::Illuminate/Container/{closure}()
#11 C:/Users/MAKTECH/Desktop/Project/Manobsheba/backend/vendor/laravel/framework/src/Illuminate/Container/BoundMethod.php(93): Illuminate/Container/Util::unwrapIfClosure(Object(Closure))
#12 C:/Users/MAKTECH/Desktop/Project/Manobsheba/backend/vendor/laravel/framework/src/Illuminate/Container/BoundMethod.php(37): Illuminate/Container/BoundMethod::callBoundMethod(Object(Illuminate/Foundation/Application), Array, Object(Closure))
#13 C:/Users/MAKTECH/Desktop/Project/Manobsheba/backend/vendor/laravel/framework/src/Illuminate/Container/Container.php(662): Illuminate/Container/BoundMethod::call(Object(Illuminate/Foundation/Application), Array, Array, NULL)
#14 C:/Users/MAKTECH/Desktop/Project/Manobsheba/backend/vendor/laravel/framework/src/Illuminate/Console/Command.php(211): Illuminate/Container/Container->call(Array)
#15 C:/Users/MAKTECH/Desktop/Project/Manobsheba/backend/vendor/symfony/console/Command/Command.php(326): Illuminate/Console/Command->execute(Object(Symfony/Component/Console/Input/ArrayInput), Object(Illuminate/Console/OutputStyle))
#16 C:/Users/MAKTECH/Desktop/Project/Manobsheba/backend/vendor/laravel/framework/src/Illuminate/Console/Command.php(181): Symfony/Component/Console/Command/Command->run(Object(Symfony/Component/Console/Input/ArrayInput), Object(Illuminate/Console/OutputStyle))
#17 C:/Users/MAKTECH/Desktop/Project/Manobsheba/backend/vendor/laravel/framework/src/Illuminate/Console/Concerns/CallsCommands.php(68): Illuminate/Console/Command->run(Object(Symfony/Component/Console/Input/ArrayInput), Object(Illuminate/Console/OutputStyle))
#18 C:/Users/MAKTECH/Desktop/Project/Manobsheba/backend/vendor/laravel/framework/src/Illuminate/Console/Concerns/CallsCommands.php(28): Illuminate/Console/Command->runCommand('db:seed', Array, Object(Illuminate/Console/OutputStyle))
#19 C:/Users/MAKTECH/Desktop/Project/Manobsheba/backend/vendor/laravel/framework/src/Illuminate/Database/Console/Migrations/MigrateCommand.php(100): Illuminate/Console/Command->call('db:seed', Array)
#20 C:/Users/MAKTECH/Desktop/Project/Manobsheba/backend/vendor/laravel/framework/src/Illuminate/Database/Migrations/Migrator.php(641): Illuminate/Database/Console/Migrations/MigrateCommand->Illuminate/Database/Console/Migrations/{closure}()
#21 C:/Users/MAKTECH/Desktop/Project/Manobsheba/backend/vendor/laravel/framework/src/Illuminate/Database/Console/Migrations/MigrateCommand.php(104): Illuminate/Database/Migrations/Migrator->usingConnection(NULL, Object(Closure))
#22 C:/Users/MAKTECH/Desktop/Project/Manobsheba/backend/vendor/laravel/framework/src/Illuminate/Container/BoundMethod.php(36): Illuminate/Database/Console/Migrations/MigrateCommand->handle()
#23 C:/Users/MAKTECH/Desktop/Project/Manobsheba/backend/vendor/laravel/framework/src/Illuminate/Container/Util.php(41): Illuminate/Container/BoundMethod::Illuminate/Container/{closure}()
#24 C:/Users/MAKTECH/Desktop/Project/Manobsheba/backend/vendor/laravel/framework/src/Illuminate/Container/BoundMethod.php(93): Illuminate/Container/Util::unwrapIfClosure(Object(Closure))
#25 C:/Users/MAKTECH/Desktop/Project/Manobsheba/backend/vendor/laravel/framework/src/Illuminate/Container/BoundMethod.php(37): Illuminate/Container/BoundMethod::callBoundMethod(Object(Illuminate/Foundation/Application), Array, Object(Closure))
#26 C:/Users/MAKTECH/Desktop/Project/Manobsheba/backend/vendor/laravel/framework/src/Illuminate/Container/Container.php(662): Illuminate/Container/BoundMethod::call(Object(Illuminate/Foundation/Application), Array, Array, NULL)
#27 C:/Users/MAKTECH/Desktop/Project/Manobsheba/backend/vendor/laravel/framework/src/Illuminate/Console/Command.php(211): Illuminate/Container/Container->call(Array)
#28 C:/Users/MAKTECH/Desktop/Project/Manobsheba/backend/vendor/symfony/console/Command/Command.php(326): Illuminate/Console/Command->execute(Object(Symfony/Component/Console/Input/ArgvInput), Object(Illuminate/Console/OutputStyle))
#29 C:/Users/MAKTECH/Desktop/Project/Manobsheba/backend/vendor/laravel/framework/src/Illuminate/Console/Command.php(181): Symfony/Component/Console/Command/Command->run(Object(Symfony/Component/Console/Input/ArgvInput), Object(Illuminate/Console/OutputStyle))
#30 C:/Users/MAKTECH/Desktop/Project/Manobsheba/backend/vendor/symfony/console/Application.php(1121): Illuminate/Console/Command->run(Object(Symfony/Component/Console/Input/ArgvInput), Object(Symfony/Component/Console/Output/ConsoleOutput))
#31 C:/Users/MAKTECH/Desktop/Project/Manobsheba/backend/vendor/symfony/console/Application.php(324): Symfony/Component/Console/Application->doRunCommand(Object(Illuminate/Database/Console/Migrations/MigrateCommand), Object(Symfony/Component/Console/Input/ArgvInput), Object(Symfony/Component/Console/Output/ConsoleOutput))
#32 C:/Users/MAKTECH/Desktop/Project/Manobsheba/backend/vendor/symfony/console/Application.php(175): Symfony/Component/Console/Application->doRun(Object(Symfony/Component/Console/Input/ArgvInput), Object(Symfony/Component/Console/Output/ConsoleOutput))
#33 C:/Users/MAKTECH/Desktop/Project/Manobsheba/backend/vendor/laravel/framework/src/Illuminate/Foundation/Console/Kernel.php(201): Symfony/Component/Console/Application->run(Object(Symfony/Component/Console/Input/ArgvInput), Object(Symfony/Component/Console/Output/ConsoleOutput))
#34 C:/Users/MAKTECH/Desktop/Project/Manobsheba/backend/artisan(37): Illuminate/Foundation/Console/Kernel->handle(Object(Symfony/Component/Console/Input/ArgvInput), Object(Symfony/Component/Console/Output/ConsoleOutput))
#35 {main}
"} 
[2026-05-06 05:52:42] laravel.EMERGENCY: Unable to create configured logger. Using emergency logger. {"exception":"[object] (InvalidArgumentException(code: 0): Log [] is not defined. at C:/Users/MAKTECH/Desktop/Project/Manobsheba/backend/vendor/laravel/framework/src/Illuminate/Log/LogManager.php:212)
[stacktrace]
#0 C:/Users/MAKTECH/Desktop/Project/Manobsheba/backend/vendor/laravel/framework/src/Illuminate/Log/LogManager.php(137): Illuminate/Log/LogManager->resolve(NULL, NULL)
#1 C:/Users/MAKTECH/Desktop/Project/Manobsheba/backend/vendor/laravel/framework/src/Illuminate/Log/LogManager.php(124): Illuminate/Log/LogManager->get(NULL)
#2 C:/Users/MAKTECH/Desktop/Project/Manobsheba/backend/vendor/laravel/framework/src/Illuminate/Log/LogManager.php(681): Illuminate/Log/LogManager->driver()
#3 C:/Users/MAKTECH/Desktop/Project/Manobsheba/backend/vendor/laravel/framework/src/Illuminate/Foundation/Exceptions/Handler.php(317): Illuminate/Log/LogManager->error('Target class [D...', Array)
#4 C:/Users/MAKTECH/Desktop/Project/Manobsheba/backend/vendor/laravel/framework/src/Illuminate/Foundation/Exceptions/Handler.php(278): Illuminate/Foundation/Exceptions/Handler->reportThrowable(Object(Illuminate/Contracts/Container/BindingResolutionException))
#5 C:/Users/MAKTECH/Desktop/Project/Manobsheba/backend/vendor/laravel/framework/src/Illuminate/Foundation/Console/Kernel.php(523): Illuminate/Foundation/Exceptions/Handler->report(Object(Illuminate/Contracts/Container/BindingResolutionException))
#6 C:/Users/MAKTECH/Desktop/Project/Manobsheba/backend/vendor/laravel/framework/src/Illuminate/Foundation/Console/Kernel.php(203): Illuminate/Foundation/Console/Kernel->reportException(Object(Illuminate/Contracts/Container/BindingResolutionException))
#7 C:/Users/MAKTECH/Desktop/Project/Manobsheba/backend/artisan(37): Illuminate/Foundation/Console/Kernel->handle(Object(Symfony/Component/Console/Input/ArgvInput), Object(Symfony/Component/Console/Output/ConsoleOutput))
#8 {main}
"} 
[2026-05-06 05:52:42] laravel.ERROR: Target class [DatabaseSeeder] does not exist. {"exception":"[object] (Illuminate\\Contracts\\Container\\BindingResolutionException(code: 0): Target class [DatabaseSeeder] does not exist. at C:/Users/MAKTECH/Desktop/Project/Manobsheba/backend/vendor/laravel/framework/src/Illuminate/Container/Container.php:914)
[stacktrace]
#0 C:/Users/MAKTECH/Desktop/Project/Manobsheba/backend/vendor/laravel/framework/src/Illuminate/Container/Container.php(795): Illuminate/Container/Container->build('DatabaseSeeder')
#1 C:/Users/MAKTECH/Desktop/Project/Manobsheba/backend/vendor/laravel/framework/src/Illuminate/Foundation/Application.php(986): Illuminate/Container/Container->resolve('DatabaseSeeder', Array, true)
#2 C:/Users/MAKTECH/Desktop/Project/Manobsheba/backend/vendor/laravel/framework/src/Illuminate/Container/Container.php(731): Illuminate/Foundation/Application->resolve('DatabaseSeeder', Array)
#3 C:/Users/MAKTECH/Desktop/Project/Manobsheba/backend/vendor/laravel/framework/src/Illuminate/Foundation/Application.php(971): Illuminate/Container/Container->make('DatabaseSeeder', Array)
#4 C:/Users/MAKTECH/Desktop/Project/Manobsheba/backend/vendor/laravel/framework/src/Illuminate/Database/Console/Seeds/SeedCommand.php(98): Illuminate/Foundation/Application->make('DatabaseSeeder')
#5 C:/Users/MAKTECH/Desktop/Project/Manobsheba/backend/vendor/laravel/framework/src/Illuminate/Database/Console/Seeds/SeedCommand.php(70): Illuminate/Database/Console/Seeds/SeedCommand->getSeeder()
#6 C:/Users/MAKTECH/Desktop/Project/Manobsheba/backend/vendor/laravel/framework/src/Illuminate/Database/Eloquent/Concerns/GuardsAttributes.php(155): Illuminate/Database/Console/Seeds/SeedCommand->Illuminate/Database/Console/Seeds/{closure}()
#7 C:/Users/MAKTECH/Desktop/Project/Manobsheba/backend/vendor/laravel/framework/src/Illuminate/Database/Console/Seeds/SeedCommand.php(71): Illuminate/Database/Eloquent/Model::unguarded(Object(Closure))
#8 C:/Users/MAKTECH/Desktop/Project/Manobsheba/backend/vendor/laravel/framework/src/Illuminate/Container/BoundMethod.php(36): Illuminate/Database/Console/Seeds/SeedCommand->handle()
#9 C:/Users/MAKTECH/Desktop/Project/Manobsheba/backend/vendor/laravel/framework/src/Illuminate/Container/Util.php(41): Illuminate/Container/BoundMethod::Illuminate/Container/{closure}()
#10 C:/Users/MAKTECH/Desktop/Project/Manobsheba/backend/vendor/laravel/framework/src/Illuminate/Container/BoundMethod.php(93): Illuminate/Container/Util::unwrapIfClosure(Object(Closure))
#11 C:/Users/MAKTECH/Desktop/Project/Manobsheba/backend/vendor/laravel/framework/src/Illuminate/Container/BoundMethod.php(37): Illuminate/Container/BoundMethod::callBoundMethod(Object(Illuminate/Foundation/Application), Array, Object(Closure))
#12 C:/Users/MAKTECH/Desktop/Project/Manobsheba/backend/vendor/laravel/framework/src/Illuminate/Container/Container.php(662): Illuminate/Container/BoundMethod::call(Object(Illuminate/Foundation/Application), Array, Array, NULL)
#13 C:/Users/MAKTECH/Desktop/Project/Manobsheba/backend/vendor/laravel/framework/src/Illuminate/Console/Command.php(211): Illuminate/Container/Container->call(Array)
#14 C:/Users/MAKTECH/Desktop/Project/Manobsheba/backend/vendor/symfony/console/Command/Command.php(326): Illuminate/Console/Command->execute(Object(Symfony/Component/Console/Input/ArgvInput), Object(Illuminate/Console/OutputStyle))
#15 C:/Users/MAKTECH/Desktop/Project/Manobsheba/backend/vendor/laravel/framework/src/Illuminate/Console/Command.php(181): Symfony/Component/Console/Command/Command->run(Object(Symfony/Component/Console/Input/ArgvInput), Object(Illuminate/Console/OutputStyle))
#16 C:/Users/MAKTECH/Desktop/Project/Manobsheba/backend/vendor/symfony/console/Application.php(1121): Illuminate/Console/Command->run(Object(Symfony/Component/Console/Input/ArgvInput), Object(Symfony/Component/Console/Output/ConsoleOutput))
#17 C:/Users/MAKTECH/Desktop/Project/Manobsheba/backend/vendor/symfony/console/Application.php(324): Symfony/Component/Console/Application->doRunCommand(Object(Illuminate/Database/Console/Seeds/SeedCommand), Object(Symfony/Component/Console/Input/ArgvInput), Object(Symfony/Component/Console/Output/ConsoleOutput))
#18 C:/Users/MAKTECH/Desktop/Project/Manobsheba/backend/vendor/symfony/console/Application.php(175): Symfony/Component/Console/Application->doRun(Object(Symfony/Component/Console/Input/ArgvInput), Object(Symfony/Component/Console/Output/ConsoleOutput))
#19 C:/Users/MAKTECH/Desktop/Project/Manobsheba/backend/vendor/laravel/framework/src/Illuminate/Foundation/Console/Kernel.php(201): Symfony/Component/Console/Application->run(Object(Symfony/Component/Console/Input/ArgvInput), Object(Symfony/Component/Console/Output/ConsoleOutput))
#20 C:/Users/MAKTECH/Desktop/Project/Manobsheba/backend/artisan(37): Illuminate/Foundation/Console/Kernel->handle(Object(Symfony/Component/Console/Input/ArgvInput), Object(Symfony/Component/Console/Output/ConsoleOutput))
#21 {main}

[previous exception] [object] (ReflectionException(code: -1): Class \"DatabaseSeeder\" does not exist at C:/Users/MAKTECH/Desktop/Project/Manobsheba/backend/vendor/laravel/framework/src/Illuminate/Container/Container.php:912)
[stacktrace]
#0 C:/Users/MAKTECH/Desktop/Project/Manobsheba/backend/vendor/laravel/framework/src/Illuminate/Container/Container.php(912): ReflectionClass->__construct('DatabaseSeeder')
#1 C:/Users/MAKTECH/Desktop/Project/Manobsheba/backend/vendor/laravel/framework/src/Illuminate/Container/Container.php(795): Illuminate/Container/Container->build('DatabaseSeeder')
#2 C:/Users/MAKTECH/Desktop/Project/Manobsheba/backend/vendor/laravel/framework/src/Illuminate/Foundation/Application.php(986): Illuminate/Container/Container->resolve('DatabaseSeeder', Array, true)
#3 C:/Users/MAKTECH/Desktop/Project/Manobsheba/backend/vendor/laravel/framework/src/Illuminate/Container/Container.php(731): Illuminate/Foundation/Application->resolve('DatabaseSeeder', Array)
#4 C:/Users/MAKTECH/Desktop/Project/Manobsheba/backend/vendor/laravel/framework/src/Illuminate/Foundation/Application.php(971): Illuminate/Container/Container->make('DatabaseSeeder', Array)
#5 C:/Users/MAKTECH/Desktop/Project/Manobsheba/backend/vendor/laravel/framework/src/Illuminate/Database/Console/Seeds/SeedCommand.php(98): Illuminate/Foundation/Application->make('DatabaseSeeder')
#6 C:/Users/MAKTECH/Desktop/Project/Manobsheba/backend/vendor/laravel/framework/src/Illuminate/Database/Console/Seeds/SeedCommand.php(70): Illuminate/Database/Console/Seeds/SeedCommand->getSeeder()
#7 C:/Users/MAKTECH/Desktop/Project/Manobsheba/backend/vendor/laravel/framework/src/Illuminate/Database/Eloquent/Concerns/GuardsAttributes.php(155): Illuminate/Database/Console/Seeds/SeedCommand->Illuminate/Database/Console/Seeds/{closure}()
#8 C:/Users/MAKTECH/Desktop/Project/Manobsheba/backend/vendor/laravel/framework/src/Illuminate/Database/Console/Seeds/SeedCommand.php(71): Illuminate/Database/Eloquent/Model::unguarded(Object(Closure))
#9 C:/Users/MAKTECH/Desktop/Project/Manobsheba/backend/vendor/laravel/framework/src/Illuminate/Container/BoundMethod.php(36): Illuminate/Database/Console/Seeds/SeedCommand->handle()
#10 C:/Users/MAKTECH/Desktop/Project/Manobsheba/backend/vendor/laravel/framework/src/Illuminate/Container/Util.php(41): Illuminate/Container/BoundMethod::Illuminate/Container/{closure}()
#11 C:/Users/MAKTECH/Desktop/Project/Manobsheba/backend/vendor/laravel/framework/src/Illuminate/Container/BoundMethod.php(93): Illuminate/Container/Util::unwrapIfClosure(Object(Closure))
#12 C:/Users/MAKTECH/Desktop/Project/Manobsheba/backend/vendor/laravel/framework/src/Illuminate/Container/BoundMethod.php(37): Illuminate/Container/BoundMethod::callBoundMethod(Object(Illuminate/Foundation/Application), Array, Object(Closure))
#13 C:/Users/MAKTECH/Desktop/Project/Manobsheba/backend/vendor/laravel/framework/src/Illuminate/Container/Container.php(662): Illuminate/Container/BoundMethod::call(Object(Illuminate/Foundation/Application), Array, Array, NULL)
#14 C:/Users/MAKTECH/Desktop/Project/Manobsheba/backend/vendor/laravel/framework/src/Illuminate/Console/Command.php(211): Illuminate/Container/Container->call(Array)
#15 C:/Users/MAKTECH/Desktop/Project/Manobsheba/backend/vendor/symfony/console/Command/Command.php(326): Illuminate/Console/Command->execute(Object(Symfony/Component/Console/Input/ArgvInput), Object(Illuminate/Console/OutputStyle))
#16 C:/Users/MAKTECH/Desktop/Project/Manobsheba/backend/vendor/laravel/framework/src/Illuminate/Console/Command.php(181): Symfony/Component/Console/Command/Command->run(Object(Symfony/Component/Console/Input/ArgvInput), Object(Illuminate/Console/OutputStyle))
#17 C:/Users/MAKTECH/Desktop/Project/Manobsheba/backend/vendor/symfony/console/Application.php(1121): Illuminate/Console/Command->run(Object(Symfony/Component/Console/Input/ArgvInput), Object(Symfony/Component/Console/Output/ConsoleOutput))
#18 C:/Users/MAKTECH/Desktop/Project/Manobsheba/backend/vendor/symfony/console/Application.php(324): Symfony/Component/Console/Application->doRunCommand(Object(Illuminate/Database/Console/Seeds/SeedCommand), Object(Symfony/Component/Console/Input/ArgvInput), Object(Symfony/Component/Console/Output/ConsoleOutput))
#19 C:/Users/MAKTECH/Desktop/Project/Manobsheba/backend/vendor/symfony/console/Application.php(175): Symfony/Component/Console/Application->doRun(Object(Symfony/Component/Console/Input/ArgvInput), Object(Symfony/Component/Console/Output/ConsoleOutput))
#20 C:/Users/MAKTECH/Desktop/Project/Manobsheba/backend/vendor/laravel/framework/src/Illuminate/Foundation/Console/Kernel.php(201): Symfony/Component/Console/Application->run(Object(Symfony/Component/Console/Input/ArgvInput), Object(Symfony/Component/Console/Output/ConsoleOutput))
#21 C:/Users/MAKTECH/Desktop/Project/Manobsheba/backend/artisan(37): Illuminate/Foundation/Console/Kernel->handle(Object(Symfony/Component/Console/Input/ArgvInput), Object(Symfony/Component/Console/Output/ConsoleOutput))
#22 {main}
"} 
[2026-05-06 05:53:05] laravel.EMERGENCY: Unable to create configured logger. Using emergency logger. {"exception":"[object] (InvalidArgumentException(code: 0): Log [] is not defined. at C:/Users/MAKTECH/Desktop/Project/Manobsheba/backend/vendor/laravel/framework/src/Illuminate/Log/LogManager.php:212)
[stacktrace]
#0 C:/Users/MAKTECH/Desktop/Project/Manobsheba/backend/vendor/laravel/framework/src/Illuminate/Log/LogManager.php(137): Illuminate/Log/LogManager->resolve(NULL, NULL)
#1 C:/Users/MAKTECH/Desktop/Project/Manobsheba/backend/vendor/laravel/framework/src/Illuminate/Log/LogManager.php(124): Illuminate/Log/LogManager->get(NULL)
#2 C:/Users/MAKTECH/Desktop/Project/Manobsheba/backend/vendor/laravel/framework/src/Illuminate/Log/LogManager.php(681): Illuminate/Log/LogManager->driver()
#3 C:/Users/MAKTECH/Desktop/Project/Manobsheba/backend/vendor/laravel/framework/src/Illuminate/Foundation/Exceptions/Handler.php(317): Illuminate/Log/LogManager->error('Target class [D...', Array)
#4 C:/Users/MAKTECH/Desktop/Project/Manobsheba/backend/vendor/laravel/framework/src/Illuminate/Foundation/Exceptions/Handler.php(278): Illuminate/Foundation/Exceptions/Handler->reportThrowable(Object(Illuminate/Contracts/Container/BindingResolutionException))
#5 C:/Users/MAKTECH/Desktop/Project/Manobsheba/backend/vendor/laravel/framework/src/Illuminate/Foundation/Console/Kernel.php(523): Illuminate/Foundation/Exceptions/Handler->report(Object(Illuminate/Contracts/Container/BindingResolutionException))
#6 C:/Users/MAKTECH/Desktop/Project/Manobsheba/backend/vendor/laravel/framework/src/Illuminate/Foundation/Console/Kernel.php(203): Illuminate/Foundation/Console/Kernel->reportException(Object(Illuminate/Contracts/Container/BindingResolutionException))
#7 C:/Users/MAKTECH/Desktop/Project/Manobsheba/backend/artisan(37): Illuminate/Foundation/Console/Kernel->handle(Object(Symfony/Component/Console/Input/ArgvInput), Object(Symfony/Component/Console/Output/ConsoleOutput))
#8 {main}
"} 
[2026-05-06 05:53:05] laravel.ERROR: Target class [DatabaseSeeder] does not exist. {"exception":"[object] (Illuminate\\Contracts\\Container\\BindingResolutionException(code: 0): Target class [DatabaseSeeder] does not exist. at C:/Users/MAKTECH/Desktop/Project/Manobsheba/backend/vendor/laravel/framework/src/Illuminate/Container/Container.php:914)
[stacktrace]
#0 C:/Users/MAKTECH/Desktop/Project/Manobsheba/backend/vendor/laravel/framework/src/Illuminate/Container/Container.php(795): Illuminate/Container/Container->build('DatabaseSeeder')
#1 C:/Users/MAKTECH/Desktop/Project/Manobsheba/backend/vendor/laravel/framework/src/Illuminate/Foundation/Application.php(986): Illuminate/Container/Container->resolve('DatabaseSeeder', Array, true)
#2 C:/Users/MAKTECH/Desktop/Project/Manobsheba/backend/vendor/laravel/framework/src/Illuminate/Container/Container.php(731): Illuminate/Foundation/Application->resolve('DatabaseSeeder', Array)
#3 C:/Users/MAKTECH/Desktop/Project/Manobsheba/backend/vendor/laravel/framework/src/Illuminate/Foundation/Application.php(971): Illuminate/Container/Container->make('DatabaseSeeder', Array)
#4 C:/Users/MAKTECH/Desktop/Project/Manobsheba/backend/vendor/laravel/framework/src/Illuminate/Database/Console/Seeds/SeedCommand.php(98): Illuminate/Foundation/Application->make('DatabaseSeeder')
#5 C:/Users/MAKTECH/Desktop/Project/Manobsheba/backend/vendor/laravel/framework/src/Illuminate/Database/Console/Seeds/SeedCommand.php(70): Illuminate/Database/Console/Seeds/SeedCommand->getSeeder()
#6 C:/Users/MAKTECH/Desktop/Project/Manobsheba/backend/vendor/laravel/framework/src/Illuminate/Database/Eloquent/Concerns/GuardsAttributes.php(155): Illuminate/Database/Console/Seeds/SeedCommand->Illuminate/Database/Console/Seeds/{closure}()
#7 C:/Users/MAKTECH/Desktop/Project/Manobsheba/backend/vendor/laravel/framework/src/Illuminate/Database/Console/Seeds/SeedCommand.php(71): Illuminate/Database/Eloquent/Model::unguarded(Object(Closure))
#8 C:/Users/MAKTECH/Desktop/Project/Manobsheba/backend/vendor/laravel/framework/src/Illuminate/Container/BoundMethod.php(36): Illuminate/Database/Console/Seeds/SeedCommand->handle()
#9 C:/Users/MAKTECH/Desktop/Project/Manobsheba/backend/vendor/laravel/framework/src/Illuminate/Container/Util.php(41): Illuminate/Container/BoundMethod::Illuminate/Container/{closure}()
#10 C:/Users/MAKTECH/Desktop/Project/Manobsheba/backend/vendor/laravel/framework/src/Illuminate/Container/BoundMethod.php(93): Illuminate/Container/Util::unwrapIfClosure(Object(Closure))
#11 C:/Users/MAKTECH/Desktop/Project/Manobsheba/backend/vendor/laravel/framework/src/Illuminate/Container/BoundMethod.php(37): Illuminate/Container/BoundMethod::callBoundMethod(Object(Illuminate/Foundation/Application), Array, Object(Closure))
#12 C:/Users/MAKTECH/Desktop/Project/Manobsheba/backend/vendor/laravel/framework/src/Illuminate/Container/Container.php(662): Illuminate/Container/BoundMethod::call(Object(Illuminate/Foundation/Application), Array, Array, NULL)
#13 C:/Users/MAKTECH/Desktop/Project/Manobsheba/backend/vendor/laravel/framework/src/Illuminate/Console/Command.php(211): Illuminate/Container/Container->call(Array)
#14 C:/Users/MAKTECH/Desktop/Project/Manobsheba/backend/vendor/symfony/console/Command/Command.php(326): Illuminate/Console/Command->execute(Object(Symfony/Component/Console/Input/ArgvInput), Object(Illuminate/Console/OutputStyle))
#15 C:/Users/MAKTECH/Desktop/Project/Manobsheba/backend/vendor/laravel/framework/src/Illuminate/Console/Command.php(181): Symfony/Component/Console/Command/Command->run(Object(Symfony/Component/Console/Input/ArgvInput), Object(Illuminate/Console/OutputStyle))
#16 C:/Users/MAKTECH/Desktop/Project/Manobsheba/backend/vendor/symfony/console/Application.php(1121): Illuminate/Console/Command->run(Object(Symfony/Component/Console/Input/ArgvInput), Object(Symfony/Component/Console/Output/ConsoleOutput))
#17 C:/Users/MAKTECH/Desktop/Project/Manobsheba/backend/vendor/symfony/console/Application.php(324): Symfony/Component/Console/Application->doRunCommand(Object(Illuminate/Database/Console/Seeds/SeedCommand), Object(Symfony/Component/Console/Input/ArgvInput), Object(Symfony/Component/Console/Output/ConsoleOutput))
#18 C:/Users/MAKTECH/Desktop/Project/Manobsheba/backend/vendor/symfony/console/Application.php(175): Symfony/Component/Console/Application->doRun(Object(Symfony/Component/Console/Input/ArgvInput), Object(Symfony/Component/Console/Output/ConsoleOutput))
#19 C:/Users/MAKTECH/Desktop/Project/Manobsheba/backend/vendor/laravel/framework/src/Illuminate/Foundation/Console/Kernel.php(201): Symfony/Component/Console/Application->run(Object(Symfony/Component/Console/Input/ArgvInput), Object(Symfony/Component/Console/Output/ConsoleOutput))
#20 C:/Users/MAKTECH/Desktop/Project/Manobsheba/backend/artisan(37): Illuminate/Foundation/Console/Kernel->handle(Object(Symfony/Component/Console/Input/ArgvInput), Object(Symfony/Component/Console/Output/ConsoleOutput))
#21 {main}

[previous exception] [object] (ReflectionException(code: -1): Class \"DatabaseSeeder\" does not exist at C:/Users/MAKTECH/Desktop/Project/Manobsheba/backend/vendor/laravel/framework/src/Illuminate/Container/Container.php:912)
[stacktrace]
#0 C:/Users/MAKTECH/Desktop/Project/Manobsheba/backend/vendor/laravel/framework/src/Illuminate/Container/Container.php(912): ReflectionClass->__construct('DatabaseSeeder')
#1 C:/Users/MAKTECH/Desktop/Project/Manobsheba/backend/vendor/laravel/framework/src/Illuminate/Container/Container.php(795): Illuminate/Container/Container->build('DatabaseSeeder')
#2 C:/Users/MAKTECH/Desktop/Project/Manobsheba/backend/vendor/laravel/framework/src/Illuminate/Foundation/Application.php(986): Illuminate/Container/Container->resolve('DatabaseSeeder', Array, true)
#3 C:/Users/MAKTECH/Desktop/Project/Manobsheba/backend/vendor/laravel/framework/src/Illuminate/Container/Container.php(731): Illuminate/Foundation/Application->resolve('DatabaseSeeder', Array)
#4 C:/Users/MAKTECH/Desktop/Project/Manobsheba/backend/vendor/laravel/framework/src/Illuminate/Foundation/Application.php(971): Illuminate/Container/Container->make('DatabaseSeeder', Array)
#5 C:/Users/MAKTECH/Desktop/Project/Manobsheba/backend/vendor/laravel/framework/src/Illuminate/Database/Console/Seeds/SeedCommand.php(98): Illuminate/Foundation/Application->make('DatabaseSeeder')
#6 C:/Users/MAKTECH/Desktop/Project/Manobsheba/backend/vendor/laravel/framework/src/Illuminate/Database/Console/Seeds/SeedCommand.php(70): Illuminate/Database/Console/Seeds/SeedCommand->getSeeder()
#7 C:/Users/MAKTECH/Desktop/Project/Manobsheba/backend/vendor/laravel/framework/src/Illuminate/Database/Eloquent/Concerns/GuardsAttributes.php(155): Illuminate/Database/Console/Seeds/SeedCommand->Illuminate/Database/Console/Seeds/{closure}()
#8 C:/Users/MAKTECH/Desktop/Project/Manobsheba/backend/vendor/laravel/framework/src/Illuminate/Database/Console/Seeds/SeedCommand.php(71): Illuminate/Database/Eloquent/Model::unguarded(Object(Closure))
#9 C:/Users/MAKTECH/Desktop/Project/Manobsheba/backend/vendor/laravel/framework/src/Illuminate/Container/BoundMethod.php(36): Illuminate/Database/Console/Seeds/SeedCommand->handle()
#10 C:/Users/MAKTECH/Desktop/Project/Manobsheba/backend/vendor/laravel/framework/src/Illuminate/Container/Util.php(41): Illuminate/Container/BoundMethod::Illuminate/Container/{closure}()
#11 C:/Users/MAKTECH/Desktop/Project/Manobsheba/backend/vendor/laravel/framework/src/Illuminate/Container/BoundMethod.php(93): Illuminate/Container/Util::unwrapIfClosure(Object(Closure))
#12 C:/Users/MAKTECH/Desktop/Project/Manobsheba/backend/vendor/laravel/framework/src/Illuminate/Container/BoundMethod.php(37): Illuminate/Container/BoundMethod::callBoundMethod(Object(Illuminate/Foundation/Application), Array, Object(Closure))
#13 C:/Users/MAKTECH/Desktop/Project/Manobsheba/backend/vendor/laravel/framework/src/Illuminate/Container/Container.php(662): Illuminate/Container/BoundMethod::call(Object(Illuminate/Foundation/Application), Array, Array, NULL)
#14 C:/Users/MAKTECH/Desktop/Project/Manobsheba/backend/vendor/laravel/framework/src/Illuminate/Console/Command.php(211): Illuminate/Container/Container->call(Array)
#15 C:/Users/MAKTECH/Desktop/Project/Manobsheba/backend/vendor/symfony/console/Command/Command.php(326): Illuminate/Console/Command->execute(Object(Symfony/Component/Console/Input/ArgvInput), Object(Illuminate/Console/OutputStyle))
#16 C:/Users/MAKTECH/Desktop/Project/Manobsheba/backend/vendor/laravel/framework/src/Illuminate/Console/Command.php(181): Symfony/Component/Console/Command/Command->run(Object(Symfony/Component/Console/Input/ArgvInput), Object(Illuminate/Console/OutputStyle))
#17 C:/Users/MAKTECH/Desktop/Project/Manobsheba/backend/vendor/symfony/console/Application.php(1121): Illuminate/Console/Command->run(Object(Symfony/Component/Console/Input/ArgvInput), Object(Symfony/Component/Console/Output/ConsoleOutput))
#18 C:/Users/MAKTECH/Desktop/Project/Manobsheba/backend/vendor/symfony/console/Application.php(324): Symfony/Component/Console/Application->doRunCommand(Object(Illuminate/Database/Console/Seeds/SeedCommand), Object(Symfony/Component/Console/Input/ArgvInput), Object(Symfony/Component/Console/Output/ConsoleOutput))
#19 C:/Users/MAKTECH/Desktop/Project/Manobsheba/backend/vendor/symfony/console/Application.php(175): Symfony/Component/Console/Application->doRun(Object(Symfony/Component/Console/Input/ArgvInput), Object(Symfony/Component/Console/Output/ConsoleOutput))
#20 C:/Users/MAKTECH/Desktop/Project/Manobsheba/backend/vendor/laravel/framework/src/Illuminate/Foundation/Console/Kernel.php(201): Symfony/Component/Console/Application->run(Object(Symfony/Component/Console/Input/ArgvInput), Object(Symfony/Component/Console/Output/ConsoleOutput))
#21 C:/Users/MAKTECH/Desktop/Project/Manobsheba/backend/artisan(37): Illuminate/Foundation/Console/Kernel->handle(Object(Symfony/Component/Console/Input/ArgvInput), Object(Symfony/Component/Console/Output/ConsoleOutput))
#22 {main}
"} 
[2026-05-06 10:48:14] laravel.EMERGENCY: Unable to create configured logger. Using emergency logger. {"exception":"[object] (InvalidArgumentException(code: 0): Log [] is not defined. at C:/Users/MAKTECH/Desktop/Project/Manobsheba/backend/vendor/laravel/framework/src/Illuminate/Log/LogManager.php:212)
[stacktrace]
#0 C:/Users/MAKTECH/Desktop/Project/Manobsheba/backend/vendor/laravel/framework/src/Illuminate/Log/LogManager.php(137): Illuminate/Log/LogManager->resolve(NULL, NULL)
#1 C:/Users/MAKTECH/Desktop/Project/Manobsheba/backend/vendor/laravel/framework/src/Illuminate/Log/LogManager.php(124): Illuminate/Log/LogManager->get(NULL)
#2 C:/Users/MAKTECH/Desktop/Project/Manobsheba/backend/vendor/laravel/framework/src/Illuminate/Log/LogManager.php(681): Illuminate/Log/LogManager->driver()
#3 C:/Users/MAKTECH/Desktop/Project/Manobsheba/backend/vendor/laravel/framework/src/Illuminate/Foundation/Exceptions/Handler.php(317): Illuminate/Log/LogManager->error('could not find ...', Array)
#4 C:/Users/MAKTECH/Desktop/Project/Manobsheba/backend/vendor/laravel/framework/src/Illuminate/Foundation/Exceptions/Handler.php(278): Illuminate/Foundation/Exceptions/Handler->reportThrowable(Object(Illuminate/Database/QueryException))
#5 C:/Users/MAKTECH/Desktop/Project/Manobsheba/backend/vendor/laravel/framework/src/Illuminate/Foundation/Console/Kernel.php(523): Illuminate/Foundation/Exceptions/Handler->report(Object(Illuminate/Database/QueryException))
#6 C:/Users/MAKTECH/Desktop/Project/Manobsheba/backend/vendor/laravel/framework/src/Illuminate/Foundation/Console/Kernel.php(203): Illuminate/Foundation/Console/Kernel->reportException(Object(Illuminate/Database/QueryException))
#7 C:/Users/MAKTECH/Desktop/Project/Manobsheba/backend/artisan(37): Illuminate/Foundation/Console/Kernel->handle(Object(Symfony/Component/Console/Input/ArgvInput), Object(Symfony/Component/Console/Output/ConsoleOutput))
#8 {main}
"} 
[2026-05-06 10:48:14] laravel.ERROR: could not find driver (Connection: mysql, SQL: select table_name as `name`, (data_length + index_length) as `size`, table_comment as `comment`, engine as `engine`, table_collation as `collation` from information_schema.tables where table_schema = 'manobsheba' and table_type in ('BASE TABLE', 'SYSTEM VERSIONED') order by table_name) {"exception":"[object] (Illuminate\\Database\\QueryException(code: 0): could not find driver (Connection: mysql, SQL: select table_name as `name`, (data_length + index_length) as `size`, table_comment as `comment`, engine as `engine`, table_collation as `collation` from information_schema.tables where table_schema = 'manobsheba' and table_type in ('BASE TABLE', 'SYSTEM VERSIONED') order by table_name) at C:/Users/MAKTECH/Desktop/Project/Manobsheba/backend/vendor/laravel/framework/src/Illuminate/Database/Connection.php:829)
[stacktrace]
#0 C:/Users/MAKTECH/Desktop/Project/Manobsheba/backend/vendor/laravel/framework/src/Illuminate/Database/Connection.php(783): Illuminate/Database/Connection->runQueryCallback('select table_na...', Array, Object(Closure))
#1 C:/Users/MAKTECH/Desktop/Project/Manobsheba/backend/vendor/laravel/framework/src/Illuminate/Database/Connection.php(431): Illuminate/Database/Connection->run('select table_na...', Array, Object(Closure))
#2 C:/Users/MAKTECH/Desktop/Project/Manobsheba/backend/vendor/laravel/framework/src/Illuminate/Database/Connection.php(401): Illuminate/Database/Connection->select('select table_na...', Array, false)
#3 C:/Users/MAKTECH/Desktop/Project/Manobsheba/backend/vendor/laravel/framework/src/Illuminate/Database/Schema/MySqlBuilder.php(42): Illuminate/Database/Connection->selectFromWriteConnection('select table_na...')
#4 C:/Users/MAKTECH/Desktop/Project/Manobsheba/backend/vendor/laravel/framework/src/Illuminate/Database/Schema/Builder.php(165): Illuminate/Database/Schema/MySqlBuilder->getTables(false)
#5 C:/Users/MAKTECH/Desktop/Project/Manobsheba/backend/vendor/laravel/framework/src/Illuminate/Database/Migrations/DatabaseMigrationRepository.php(184): Illuminate/Database/Schema/Builder->hasTable('migrations')
#6 C:/Users/MAKTECH/Desktop/Project/Manobsheba/backend/vendor/laravel/framework/src/Illuminate/Database/Migrations/Migrator.php(727): Illuminate/Database/Migrations/DatabaseMigrationRepository->repositoryExists()
#7 C:/Users/MAKTECH/Desktop/Project/Manobsheba/backend/vendor/laravel/framework/src/Illuminate/Database/Console/Migrations/MigrateCommand.php(140): Illuminate/Database/Migrations/Migrator->repositoryExists()
#8 C:/Users/MAKTECH/Desktop/Project/Manobsheba/backend/vendor/laravel/framework/src/Illuminate/Support/helpers.php(261): Illuminate/Database/Console/Migrations/MigrateCommand->Illuminate/Database/Console/Migrations/{closure}(1)
#9 C:/Users/MAKTECH/Desktop/Project/Manobsheba/backend/vendor/laravel/framework/src/Illuminate/Database/Console/Migrations/MigrateCommand.php(159): retry(1, Object(Closure), 0, Object(Closure))
#10 C:/Users/MAKTECH/Desktop/Project/Manobsheba/backend/vendor/laravel/framework/src/Illuminate/Database/Console/Migrations/MigrateCommand.php(116): Illuminate/Database/Console/Migrations/MigrateCommand->repositoryExists()
#11 C:/Users/MAKTECH/Desktop/Project/Manobsheba/backend/vendor/laravel/framework/src/Illuminate/Database/Console/Migrations/MigrateCommand.php(84): Illuminate/Database/Console/Migrations/MigrateCommand->prepareDatabase()
#12 C:/Users/MAKTECH/Desktop/Project/Manobsheba/backend/vendor/laravel/framework/src/Illuminate/Database/Migrations/Migrator.php(641): Illuminate/Database/Console/Migrations/MigrateCommand->Illuminate/Database/Console/Migrations/{closure}()
#13 C:/Users/MAKTECH/Desktop/Project/Manobsheba/backend/vendor/laravel/framework/src/Illuminate/Database/Console/Migrations/MigrateCommand.php(104): Illuminate/Database/Migrations/Migrator->usingConnection(NULL, Object(Closure))
#14 C:/Users/MAKTECH/Desktop/Project/Manobsheba/backend/vendor/laravel/framework/src/Illuminate/Container/BoundMethod.php(36): Illuminate/Database/Console/Migrations/MigrateCommand->handle()
#15 C:/Users/MAKTECH/Desktop/Project/Manobsheba/backend/vendor/laravel/framework/src/Illuminate/Container/Util.php(41): Illuminate/Container/BoundMethod::Illuminate/Container/{closure}()
#16 C:/Users/MAKTECH/Desktop/Project/Manobsheba/backend/vendor/laravel/framework/src/Illuminate/Container/BoundMethod.php(93): Illuminate/Container/Util::unwrapIfClosure(Object(Closure))
#17 C:/Users/MAKTECH/Desktop/Project/Manobsheba/backend/vendor/laravel/framework/src/Illuminate/Container/BoundMethod.php(37): Illuminate/Container/BoundMethod::callBoundMethod(Object(Illuminate/Foundation/Application), Array, Object(Closure))
#18 C:/Users/MAKTECH/Desktop/Project/Manobsheba/backend/vendor/laravel/framework/src/Illuminate/Container/Container.php(662): Illuminate/Container/BoundMethod::call(Object(Illuminate/Foundation/Application), Array, Array, NULL)
#19 C:/Users/MAKTECH/Desktop/Project/Manobsheba/backend/vendor/laravel/framework/src/Illuminate/Console/Command.php(211): Illuminate/Container/Container->call(Array)
#20 C:/Users/MAKTECH/Desktop/Project/Manobsheba/backend/vendor/symfony/console/Command/Command.php(326): Illuminate/Console/Command->execute(Object(Symfony/Component/Console/Input/ArgvInput), Object(Illuminate/Console/OutputStyle))
#21 C:/Users/MAKTECH/Desktop/Project/Manobsheba/backend/vendor/laravel/framework/src/Illuminate/Console/Command.php(181): Symfony/Component/Console/Command/Command->run(Object(Symfony/Component/Console/Input/ArgvInput), Object(Illuminate/Console/OutputStyle))
#22 C:/Users/MAKTECH/Desktop/Project/Manobsheba/backend/vendor/symfony/console/Application.php(1121): Illuminate/Console/Command->run(Object(Symfony/Component/Console/Input/ArgvInput), Object(Symfony/Component/Console/Output/ConsoleOutput))
#23 C:/Users/MAKTECH/Desktop/Project/Manobsheba/backend/vendor/symfony/console/Application.php(324): Symfony/Component/Console/Application->doRunCommand(Object(Illuminate/Database/Console/Migrations/MigrateCommand), Object(Symfony/Component/Console/Input/ArgvInput), Object(Symfony/Component/Console/Output/ConsoleOutput))
#24 C:/Users/MAKTECH/Desktop/Project/Manobsheba/backend/vendor/symfony/console/Application.php(175): Symfony/Component/Console/Application->doRun(Object(Symfony/Component/Console/Input/ArgvInput), Object(Symfony/Component/Console/Output/ConsoleOutput))
#25 C:/Users/MAKTECH/Desktop/Project/Manobsheba/backend/vendor/laravel/framework/src/Illuminate/Foundation/Console/Kernel.php(201): Symfony/Component/Console/Application->run(Object(Symfony/Component/Console/Input/ArgvInput), Object(Symfony/Component/Console/Output/ConsoleOutput))
#26 C:/Users/MAKTECH/Desktop/Project/Manobsheba/backend/artisan(37): Illuminate/Foundation/Console/Kernel->handle(Object(Symfony/Component/Console/Input/ArgvInput), Object(Symfony/Component/Console/Output/ConsoleOutput))
#27 {main}

[previous exception] [object] (PDOException(code: 0): could not find driver at C:/Users/MAKTECH/Desktop/Project/Manobsheba/backend/vendor/laravel/framework/src/Illuminate/Database/Connectors/Connector.php:65)
[stacktrace]
#0 C:/Users/MAKTECH/Desktop/Project/Manobsheba/backend/vendor/laravel/framework/src/Illuminate/Database/Connectors/Connector.php(65): PDO->__construct('mysql:host=127....', 'root', '', Array)
#1 C:/Users/MAKTECH/Desktop/Project/Manobsheba/backend/vendor/laravel/framework/src/Illuminate/Database/Connectors/Connector.php(45): Illuminate/Database/Connectors/Connector->createPdoConnection('mysql:host=127....', 'root', '', Array)
#2 C:/Users/MAKTECH/Desktop/Project/Manobsheba/backend/vendor/laravel/framework/src/Illuminate/Database/Connectors/MySqlConnector.php(24): Illuminate/Database/Connectors/Connector->createConnection('mysql:host=127....', Array, Array)
#3 C:/Users/MAKTECH/Desktop/Project/Manobsheba/backend/vendor/laravel/framework/src/Illuminate/Database/Connectors/ConnectionFactory.php(184): Illuminate/Database/Connectors/MySqlConnector->connect(Array)
#4 [internal function]: Illuminate/Database/Connectors/ConnectionFactory->Illuminate/Database/Connectors/{closure}()
#5 C:/Users/MAKTECH/Desktop/Project/Manobsheba/backend/vendor/laravel/framework/src/Illuminate/Database/Connection.php(1339): call_user_func(Object(Closure))
#6 C:/Users/MAKTECH/Desktop/Project/Manobsheba/backend/vendor/laravel/framework/src/Illuminate/Database/Connection.php(528): Illuminate/Database/Connection->getPdo()
#7 C:/Users/MAKTECH/Desktop/Project/Manobsheba/backend/vendor/laravel/framework/src/Illuminate/Database/Connection.php(423): Illuminate/Database/Connection->getPdoForSelect(false)
#8 C:/Users/MAKTECH/Desktop/Project/Manobsheba/backend/vendor/laravel/framework/src/Illuminate/Database/Connection.php(816): Illuminate/Database/Connection->Illuminate/Database/{closure}('select table_na...', Array)
#9 C:/Users/MAKTECH/Desktop/Project/Manobsheba/backend/vendor/laravel/framework/src/Illuminate/Database/Connection.php(783): Illuminate/Database/Connection->runQueryCallback('select table_na...', Array, Object(Closure))
#10 C:/Users/MAKTECH/Desktop/Project/Manobsheba/backend/vendor/laravel/framework/src/Illuminate/Database/Connection.php(431): Illuminate/Database/Connection->run('select table_na...', Array, Object(Closure))
#11 C:/Users/MAKTECH/Desktop/Project/Manobsheba/backend/vendor/laravel/framework/src/Illuminate/Database/Connection.php(401): Illuminate/Database/Connection->select('select table_na...', Array, false)
#12 C:/Users/MAKTECH/Desktop/Project/Manobsheba/backend/vendor/laravel/framework/src/Illuminate/Database/Schema/MySqlBuilder.php(42): Illuminate/Database/Connection->selectFromWriteConnection('select table_na...')
#13 C:/Users/MAKTECH/Desktop/Project/Manobsheba/backend/vendor/laravel/framework/src/Illuminate/Database/Schema/Builder.php(165): Illuminate/Database/Schema/MySqlBuilder->getTables(false)
#14 C:/Users/MAKTECH/Desktop/Project/Manobsheba/backend/vendor/laravel/framework/src/Illuminate/Database/Migrations/DatabaseMigrationRepository.php(184): Illuminate/Database/Schema/Builder->hasTable('migrations')
#15 C:/Users/MAKTECH/Desktop/Project/Manobsheba/backend/vendor/laravel/framework/src/Illuminate/Database/Migrations/Migrator.php(727): Illuminate/Database/Migrations/DatabaseMigrationRepository->repositoryExists()
#16 C:/Users/MAKTECH/Desktop/Project/Manobsheba/backend/vendor/laravel/framework/src/Illuminate/Database/Console/Migrations/MigrateCommand.php(140): Illuminate/Database/Migrations/Migrator->repositoryExists()
#17 C:/Users/MAKTECH/Desktop/Project/Manobsheba/backend/vendor/laravel/framework/src/Illuminate/Support/helpers.php(261): Illuminate/Database/Console/Migrations/MigrateCommand->Illuminate/Database/Console/Migrations/{closure}(1)
#18 C:/Users/MAKTECH/Desktop/Project/Manobsheba/backend/vendor/laravel/framework/src/Illuminate/Database/Console/Migrations/MigrateCommand.php(159): retry(1, Object(Closure), 0, Object(Closure))
#19 C:/Users/MAKTECH/Desktop/Project/Manobsheba/backend/vendor/laravel/framework/src/Illuminate/Database/Console/Migrations/MigrateCommand.php(116): Illuminate/Database/Console/Migrations/MigrateCommand->repositoryExists()
#20 C:/Users/MAKTECH/Desktop/Project/Manobsheba/backend/vendor/laravel/framework/src/Illuminate/Database/Console/Migrations/MigrateCommand.php(84): Illuminate/Database/Console/Migrations/MigrateCommand->prepareDatabase()
#21 C:/Users/MAKTECH/Desktop/Project/Manobsheba/backend/vendor/laravel/framework/src/Illuminate/Database/Migrations/Migrator.php(641): Illuminate/Database/Console/Migrations/MigrateCommand->Illuminate/Database/Console/Migrations/{closure}()
#22 C:/Users/MAKTECH/Desktop/Project/Manobsheba/backend/vendor/laravel/framework/src/Illuminate/Database/Console/Migrations/MigrateCommand.php(104): Illuminate/Database/Migrations/Migrator->usingConnection(NULL, Object(Closure))
#23 C:/Users/MAKTECH/Desktop/Project/Manobsheba/backend/vendor/laravel/framework/src/Illuminate/Container/BoundMethod.php(36): Illuminate/Database/Console/Migrations/MigrateCommand->handle()
#24 C:/Users/MAKTECH/Desktop/Project/Manobsheba/backend/vendor/laravel/framework/src/Illuminate/Container/Util.php(41): Illuminate/Container/BoundMethod::Illuminate/Container/{closure}()
#25 C:/Users/MAKTECH/Desktop/Project/Manobsheba/backend/vendor/laravel/framework/src/Illuminate/Container/BoundMethod.php(93): Illuminate/Container/Util::unwrapIfClosure(Object(Closure))
#26 C:/Users/MAKTECH/Desktop/Project/Manobsheba/backend/vendor/laravel/framework/src/Illuminate/Container/BoundMethod.php(37): Illuminate/Container/BoundMethod::callBoundMethod(Object(Illuminate/Foundation/Application), Array, Object(Closure))
#27 C:/Users/MAKTECH/Desktop/Project/Manobsheba/backend/vendor/laravel/framework/src/Illuminate/Container/Container.php(662): Illuminate/Container/BoundMethod::call(Object(Illuminate/Foundation/Application), Array, Array, NULL)
#28 C:/Users/MAKTECH/Desktop/Project/Manobsheba/backend/vendor/laravel/framework/src/Illuminate/Console/Command.php(211): Illuminate/Container/Container->call(Array)
#29 C:/Users/MAKTECH/Desktop/Project/Manobsheba/backend/vendor/symfony/console/Command/Command.php(326): Illuminate/Console/Command->execute(Object(Symfony/Component/Console/Input/ArgvInput), Object(Illuminate/Console/OutputStyle))
#30 C:/Users/MAKTECH/Desktop/Project/Manobsheba/backend/vendor/laravel/framework/src/Illuminate/Console/Command.php(181): Symfony/Component/Console/Command/Command->run(Object(Symfony/Component/Console/Input/ArgvInput), Object(Illuminate/Console/OutputStyle))
#31 C:/Users/MAKTECH/Desktop/Project/Manobsheba/backend/vendor/symfony/console/Application.php(1121): Illuminate/Console/Command->run(Object(Symfony/Component/Console/Input/ArgvInput), Object(Symfony/Component/Console/Output/ConsoleOutput))
#32 C:/Users/MAKTECH/Desktop/Project/Manobsheba/backend/vendor/symfony/console/Application.php(324): Symfony/Component/Console/Application->doRunCommand(Object(Illuminate/Database/Console/Migrations/MigrateCommand), Object(Symfony/Component/Console/Input/ArgvInput), Object(Symfony/Component/Console/Output/ConsoleOutput))
#33 C:/Users/MAKTECH/Desktop/Project/Manobsheba/backend/vendor/symfony/console/Application.php(175): Symfony/Component/Console/Application->doRun(Object(Symfony/Component/Console/Input/ArgvInput), Object(Symfony/Component/Console/Output/ConsoleOutput))
#34 C:/Users/MAKTECH/Desktop/Project/Manobsheba/backend/vendor/laravel/framework/src/Illuminate/Foundation/Console/Kernel.php(201): Symfony/Component/Console/Application->run(Object(Symfony/Component/Console/Input/ArgvInput), Object(Symfony/Component/Console/Output/ConsoleOutput))
#35 C:/Users/MAKTECH/Desktop/Project/Manobsheba/backend/artisan(37): Illuminate/Foundation/Console/Kernel->handle(Object(Symfony/Component/Console/Input/ArgvInput), Object(Symfony/Component/Console/Output/ConsoleOutput))
#36 {main}
"} 
[2026-05-06 10:52:15] laravel.EMERGENCY: Unable to create configured logger. Using emergency logger. {"exception":"[object] (InvalidArgumentException(code: 0): Log [] is not defined. at C:/Users/MAKTECH/Desktop/Project/Manobsheba/backend/vendor/laravel/framework/src/Illuminate/Log/LogManager.php:212)
[stacktrace]
#0 C:/Users/MAKTECH/Desktop/Project/Manobsheba/backend/vendor/laravel/framework/src/Illuminate/Log/LogManager.php(137): Illuminate/Log/LogManager->resolve(NULL, NULL)
#1 C:/Users/MAKTECH/Desktop/Project/Manobsheba/backend/vendor/laravel/framework/src/Illuminate/Log/LogManager.php(124): Illuminate/Log/LogManager->get(NULL)
#2 C:/Users/MAKTECH/Desktop/Project/Manobsheba/backend/vendor/laravel/framework/src/Illuminate/Log/LogManager.php(681): Illuminate/Log/LogManager->driver()
#3 C:/Users/MAKTECH/Desktop/Project/Manobsheba/backend/vendor/laravel/framework/src/Illuminate/Foundation/Exceptions/Handler.php(317): Illuminate/Log/LogManager->error('SQLSTATE[HY000]...', Array)
#4 C:/Users/MAKTECH/Desktop/Project/Manobsheba/backend/vendor/laravel/framework/src/Illuminate/Foundation/Exceptions/Handler.php(278): Illuminate/Foundation/Exceptions/Handler->reportThrowable(Object(Illuminate/Database/QueryException))
#5 C:/Users/MAKTECH/Desktop/Project/Manobsheba/backend/vendor/laravel/framework/src/Illuminate/Foundation/Console/Kernel.php(523): Illuminate/Foundation/Exceptions/Handler->report(Object(Illuminate/Database/QueryException))
#6 C:/Users/MAKTECH/Desktop/Project/Manobsheba/backend/vendor/laravel/framework/src/Illuminate/Foundation/Console/Kernel.php(203): Illuminate/Foundation/Console/Kernel->reportException(Object(Illuminate/Database/QueryException))
#7 C:/Users/MAKTECH/Desktop/Project/Manobsheba/backend/artisan(37): Illuminate/Foundation/Console/Kernel->handle(Object(Symfony/Component/Console/Input/ArgvInput), Object(Symfony/Component/Console/Output/ConsoleOutput))
#8 {main}
"} 
[2026-05-06 10:52:15] laravel.ERROR: SQLSTATE[HY000] [2002] No connection could be made because the target machine actively refused it (Connection: mysql, SQL: create table `migrations` (`id` int unsigned not null auto_increment primary key, `migration` varchar(255) not null, `batch` int not null) default character set utf8mb4 collate 'utf8mb4_unicode_ci') {"exception":"[object] (Illuminate\\Database\\QueryException(code: 2002): SQLSTATE[HY000] [2002] No connection could be made because the target machine actively refused it (Connection: mysql, SQL: create table `migrations` (`id` int unsigned not null auto_increment primary key, `migration` varchar(255) not null, `batch` int not null) default character set utf8mb4 collate 'utf8mb4_unicode_ci') at C:/Users/MAKTECH/Desktop/Project/Manobsheba/backend/vendor/laravel/framework/src/Illuminate/Database/Connection.php:829)
[stacktrace]
#0 C:/Users/MAKTECH/Desktop/Project/Manobsheba/backend/vendor/laravel/framework/src/Illuminate/Database/Connection.php(983): Illuminate/Database/Connection->runQueryCallback('create table `m...', Array, Object(Closure))
#1 C:/Users/MAKTECH/Desktop/Project/Manobsheba/backend/vendor/laravel/framework/src/Illuminate/Database/Connection.php(963): Illuminate/Database/Connection->tryAgainIfCausedByLostConnection(Object(Illuminate/Database/QueryException), 'create table `m...', Array, Object(Closure))
#2 C:/Users/MAKTECH/Desktop/Project/Manobsheba/backend/vendor/laravel/framework/src/Illuminate/Database/Connection.php(786): Illuminate/Database/Connection->handleQueryException(Object(Illuminate/Database/QueryException), 'create table `m...', Array, Object(Closure))
#3 C:/Users/MAKTECH/Desktop/Project/Manobsheba/backend/vendor/laravel/framework/src/Illuminate/Database/Connection.php(588): Illuminate/Database/Connection->run('create table `m...', Array, Object(Closure))
#4 C:/Users/MAKTECH/Desktop/Project/Manobsheba/backend/vendor/laravel/framework/src/Illuminate/Database/Schema/Blueprint.php(110): Illuminate/Database/Connection->statement('create table `m...')
#5 C:/Users/MAKTECH/Desktop/Project/Manobsheba/backend/vendor/laravel/framework/src/Illuminate/Database/Schema/Builder.php(602): Illuminate/Database/Schema/Blueprint->build(Object(Illuminate/Database/MySqlConnection), Object(Illuminate/Database/Schema/Grammars/MySqlGrammar))
#6 C:/Users/MAKTECH/Desktop/Project/Manobsheba/backend/vendor/laravel/framework/src/Illuminate/Database/Schema/Builder.php(460): Illuminate/Database/Schema/Builder->build(Object(Illuminate/Database/Schema/Blueprint))
#7 C:/Users/MAKTECH/Desktop/Project/Manobsheba/backend/vendor/laravel/framework/src/Illuminate/Database/Migrations/DatabaseMigrationRepository.php(172): Illuminate/Database/Schema/Builder->create('migrations', Object(Closure))
#8 C:/Users/MAKTECH/Desktop/Project/Manobsheba/backend/vendor/laravel/framework/src/Illuminate/Database/Console/Migrations/InstallCommand.php(54): Illuminate/Database/Migrations/DatabaseMigrationRepository->createRepository()
#9 C:/Users/MAKTECH/Desktop/Project/Manobsheba/backend/vendor/laravel/framework/src/Illuminate/Container/BoundMethod.php(36): Illuminate/Database/Console/Migrations/InstallCommand->handle()
#10 C:/Users/MAKTECH/Desktop/Project/Manobsheba/backend/vendor/laravel/framework/src/Illuminate/Container/Util.php(41): Illuminate/Container/BoundMethod::Illuminate/Container/{closure}()
#11 C:/Users/MAKTECH/Desktop/Project/Manobsheba/backend/vendor/laravel/framework/src/Illuminate/Container/BoundMethod.php(93): Illuminate/Container/Util::unwrapIfClosure(Object(Closure))
#12 C:/Users/MAKTECH/Desktop/Project/Manobsheba/backend/vendor/laravel/framework/src/Illuminate/Container/BoundMethod.php(37): Illuminate/Container/BoundMethod::callBoundMethod(Object(Illuminate/Foundation/Application), Array, Object(Closure))
#13 C:/Users/MAKTECH/Desktop/Project/Manobsheba/backend/vendor/laravel/framework/src/Illuminate/Container/Container.php(662): Illuminate/Container/BoundMethod::call(Object(Illuminate/Foundation/Application), Array, Array, NULL)
#14 C:/Users/MAKTECH/Desktop/Project/Manobsheba/backend/vendor/laravel/framework/src/Illuminate/Console/Command.php(211): Illuminate/Container/Container->call(Array)
#15 C:/Users/MAKTECH/Desktop/Project/Manobsheba/backend/vendor/symfony/console/Command/Command.php(326): Illuminate/Console/Command->execute(Object(Symfony/Component/Console/Input/ArrayInput), Object(Illuminate/Console/OutputStyle))
#16 C:/Users/MAKTECH/Desktop/Project/Manobsheba/backend/vendor/laravel/framework/src/Illuminate/Console/Command.php(181): Symfony/Component/Console/Command/Command->run(Object(Symfony/Component/Console/Input/ArrayInput), Object(Illuminate/Console/OutputStyle))
#17 C:/Users/MAKTECH/Desktop/Project/Manobsheba/backend/vendor/laravel/framework/src/Illuminate/Console/Concerns/CallsCommands.php(68): Illuminate/Console/Command->run(Object(Symfony/Component/Console/Input/ArrayInput), Object(Symfony/Component/Console/Output/NullOutput))
#18 C:/Users/MAKTECH/Desktop/Project/Manobsheba/backend/vendor/laravel/framework/src/Illuminate/Console/Concerns/CallsCommands.php(40): Illuminate/Console/Command->runCommand('migrate:install', Array, Object(Symfony/Component/Console/Output/NullOutput))
#19 C:/Users/MAKTECH/Desktop/Project/Manobsheba/backend/vendor/laravel/framework/src/Illuminate/Database/Console/Migrations/MigrateCommand.php(121): Illuminate/Console/Command->callSilent('migrate:install', Array)
#20 C:/Users/MAKTECH/Desktop/Project/Manobsheba/backend/vendor/laravel/framework/src/Illuminate/Console/View/Components/Task.php(37): Illuminate/Database/Console/Migrations/MigrateCommand->Illuminate/Database/Console/Migrations/{closure}()
#21 C:/Users/MAKTECH/Desktop/Project/Manobsheba/backend/vendor/laravel/framework/src/Illuminate/Console/View/Components/Factory.php(58): Illuminate/Console/View/Components/Task->render('Creating migrat...', Object(Closure))
#22 C:/Users/MAKTECH/Desktop/Project/Manobsheba/backend/vendor/laravel/framework/src/Illuminate/Database/Console/Migrations/MigrateCommand.php(123): Illuminate/Console/View/Components/Factory->__call('task', Array)
#23 C:/Users/MAKTECH/Desktop/Project/Manobsheba/backend/vendor/laravel/framework/src/Illuminate/Database/Console/Migrations/MigrateCommand.php(84): Illuminate/Database/Console/Migrations/MigrateCommand->prepareDatabase()
#24 C:/Users/MAKTECH/Desktop/Project/Manobsheba/backend/vendor/laravel/framework/src/Illuminate/Database/Migrations/Migrator.php(641): Illuminate/Database/Console/Migrations/MigrateCommand->Illuminate/Database/Console/Migrations/{closure}()
#25 C:/Users/MAKTECH/Desktop/Project/Manobsheba/backend/vendor/laravel/framework/src/Illuminate/Database/Console/Migrations/MigrateCommand.php(104): Illuminate/Database/Migrations/Migrator->usingConnection(NULL, Object(Closure))
#26 C:/Users/MAKTECH/Desktop/Project/Manobsheba/backend/vendor/laravel/framework/src/Illuminate/Container/BoundMethod.php(36): Illuminate/Database/Console/Migrations/MigrateCommand->handle()
#27 C:/Users/MAKTECH/Desktop/Project/Manobsheba/backend/vendor/laravel/framework/src/Illuminate/Container/Util.php(41): Illuminate/Container/BoundMethod::Illuminate/Container/{closure}()
#28 C:/Users/MAKTECH/Desktop/Project/Manobsheba/backend/vendor/laravel/framework/src/Illuminate/Container/BoundMethod.php(93): Illuminate/Container/Util::unwrapIfClosure(Object(Closure))
#29 C:/Users/MAKTECH/Desktop/Project/Manobsheba/backend/vendor/laravel/framework/src/Illuminate/Container/BoundMethod.php(37): Illuminate/Container/BoundMethod::callBoundMethod(Object(Illuminate/Foundation/Application), Array, Object(Closure))
#30 C:/Users/MAKTECH/Desktop/Project/Manobsheba/backend/vendor/laravel/framework/src/Illuminate/Container/Container.php(662): Illuminate/Container/BoundMethod::call(Object(Illuminate/Foundation/Application), Array, Array, NULL)
#31 C:/Users/MAKTECH/Desktop/Project/Manobsheba/backend/vendor/laravel/framework/src/Illuminate/Console/Command.php(211): Illuminate/Container/Container->call(Array)
#32 C:/Users/MAKTECH/Desktop/Project/Manobsheba/backend/vendor/symfony/console/Command/Command.php(326): Illuminate/Console/Command->execute(Object(Symfony/Component/Console/Input/ArgvInput), Object(Illuminate/Console/OutputStyle))
#33 C:/Users/MAKTECH/Desktop/Project/Manobsheba/backend/vendor/laravel/framework/src/Illuminate/Console/Command.php(181): Symfony/Component/Console/Command/Command->run(Object(Symfony/Component/Console/Input/ArgvInput), Object(Illuminate/Console/OutputStyle))
#34 C:/Users/MAKTECH/Desktop/Project/Manobsheba/backend/vendor/symfony/console/Application.php(1121): Illuminate/Console/Command->run(Object(Symfony/Component/Console/Input/ArgvInput), Object(Symfony/Component/Console/Output/ConsoleOutput))
#35 C:/Users/MAKTECH/Desktop/Project/Manobsheba/backend/vendor/symfony/console/Application.php(324): Symfony/Component/Console/Application->doRunCommand(Object(Illuminate/Database/Console/Migrations/MigrateCommand), Object(Symfony/Component/Console/Input/ArgvInput), Object(Symfony/Component/Console/Output/ConsoleOutput))
#36 C:/Users/MAKTECH/Desktop/Project/Manobsheba/backend/vendor/symfony/console/Application.php(175): Symfony/Component/Console/Application->doRun(Object(Symfony/Component/Console/Input/ArgvInput), Object(Symfony/Component/Console/Output/ConsoleOutput))
#37 C:/Users/MAKTECH/Desktop/Project/Manobsheba/backend/vendor/laravel/framework/src/Illuminate/Foundation/Console/Kernel.php(201): Symfony/Component/Console/Application->run(Object(Symfony/Component/Console/Input/ArgvInput), Object(Symfony/Component/Console/Output/ConsoleOutput))
#38 C:/Users/MAKTECH/Desktop/Project/Manobsheba/backend/artisan(37): Illuminate/Foundation/Console/Kernel->handle(Object(Symfony/Component/Console/Input/ArgvInput), Object(Symfony/Component/Console/Output/ConsoleOutput))
#39 {main}

[previous exception] [object] (PDOException(code: 2002): SQLSTATE[HY000] [2002] No connection could be made because the target machine actively refused it at C:/Users/MAKTECH/Desktop/Project/Manobsheba/backend/vendor/laravel/framework/src/Illuminate/Database/Connectors/Connector.php:65)
[stacktrace]
#0 C:/Users/MAKTECH/Desktop/Project/Manobsheba/backend/vendor/laravel/framework/src/Illuminate/Database/Connectors/Connector.php(65): PDO->__construct('mysql:host=127....', 'root', '', Array)
#1 C:/Users/MAKTECH/Desktop/Project/Manobsheba/backend/vendor/laravel/framework/src/Illuminate/Database/Connectors/Connector.php(83): Illuminate/Database/Connectors/Connector->createPdoConnection('mysql:host=127....', 'root', '', Array)
#2 C:/Users/MAKTECH/Desktop/Project/Manobsheba/backend/vendor/laravel/framework/src/Illuminate/Database/Connectors/Connector.php(49): Illuminate/Database/Connectors/Connector->tryAgainIfCausedByLostConnection(Object(PDOException), 'mysql:host=127....', 'root', '', Array)
#3 C:/Users/MAKTECH/Desktop/Project/Manobsheba/backend/vendor/laravel/framework/src/Illuminate/Database/Connectors/MySqlConnector.php(24): Illuminate/Database/Connectors/Connector->createConnection('mysql:host=127....', Array, Array)
#4 C:/Users/MAKTECH/Desktop/Project/Manobsheba/backend/vendor/laravel/framework/src/Illuminate/Database/Connectors/ConnectionFactory.php(184): Illuminate/Database/Connectors/MySqlConnector->connect(Array)
#5 [internal function]: Illuminate/Database/Connectors/ConnectionFactory->Illuminate/Database/Connectors/{closure}()
#6 C:/Users/MAKTECH/Desktop/Project/Manobsheba/backend/vendor/laravel/framework/src/Illuminate/Database/Connection.php(1339): call_user_func(Object(Closure))
#7 C:/Users/MAKTECH/Desktop/Project/Manobsheba/backend/vendor/laravel/framework/src/Illuminate/Database/Connection.php(581): Illuminate/Database/Connection->getPdo()
#8 C:/Users/MAKTECH/Desktop/Project/Manobsheba/backend/vendor/laravel/framework/src/Illuminate/Database/Connection.php(816): Illuminate/Database/Connection->Illuminate/Database/{closure}('create table `m...', Array)
#9 C:/Users/MAKTECH/Desktop/Project/Manobsheba/backend/vendor/laravel/framework/src/Illuminate/Database/Connection.php(983): Illuminate/Database/Connection->runQueryCallback('create table `m...', Array, Object(Closure))
#10 C:/Users/MAKTECH/Desktop/Project/Manobsheba/backend/vendor/laravel/framework/src/Illuminate/Database/Connection.php(963): Illuminate/Database/Connection->tryAgainIfCausedByLostConnection(Object(Illuminate/Database/QueryException), 'create table `m...', Array, Object(Closure))
#11 C:/Users/MAKTECH/Desktop/Project/Manobsheba/backend/vendor/laravel/framework/src/Illuminate/Database/Connection.php(786): Illuminate/Database/Connection->handleQueryException(Object(Illuminate/Database/QueryException), 'create table `m...', Array, Object(Closure))
#12 C:/Users/MAKTECH/Desktop/Project/Manobsheba/backend/vendor/laravel/framework/src/Illuminate/Database/Connection.php(588): Illuminate/Database/Connection->run('create table `m...', Array, Object(Closure))
#13 C:/Users/MAKTECH/Desktop/Project/Manobsheba/backend/vendor/laravel/framework/src/Illuminate/Database/Schema/Blueprint.php(110): Illuminate/Database/Connection->statement('create table `m...')
#14 C:/Users/MAKTECH/Desktop/Project/Manobsheba/backend/vendor/laravel/framework/src/Illuminate/Database/Schema/Builder.php(602): Illuminate/Database/Schema/Blueprint->build(Object(Illuminate/Database/MySqlConnection), Object(Illuminate/Database/Schema/Grammars/MySqlGrammar))
#15 C:/Users/MAKTECH/Desktop/Project/Manobsheba/backend/vendor/laravel/framework/src/Illuminate/Database/Schema/Builder.php(460): Illuminate/Database/Schema/Builder->build(Object(Illuminate/Database/Schema/Blueprint))
#16 C:/Users/MAKTECH/Desktop/Project/Manobsheba/backend/vendor/laravel/framework/src/Illuminate/Database/Migrations/DatabaseMigrationRepository.php(172): Illuminate/Database/Schema/Builder->create('migrations', Object(Closure))
#17 C:/Users/MAKTECH/Desktop/Project/Manobsheba/backend/vendor/laravel/framework/src/Illuminate/Database/Console/Migrations/InstallCommand.php(54): Illuminate/Database/Migrations/DatabaseMigrationRepository->createRepository()
#18 C:/Users/MAKTECH/Desktop/Project/Manobsheba/backend/vendor/laravel/framework/src/Illuminate/Container/BoundMethod.php(36): Illuminate/Database/Console/Migrations/InstallCommand->handle()
#19 C:/Users/MAKTECH/Desktop/Project/Manobsheba/backend/vendor/laravel/framework/src/Illuminate/Container/Util.php(41): Illuminate/Container/BoundMethod::Illuminate/Container/{closure}()
#20 C:/Users/MAKTECH/Desktop/Project/Manobsheba/backend/vendor/laravel/framework/src/Illuminate/Container/BoundMethod.php(93): Illuminate/Container/Util::unwrapIfClosure(Object(Closure))
#21 C:/Users/MAKTECH/Desktop/Project/Manobsheba/backend/vendor/laravel/framework/src/Illuminate/Container/BoundMethod.php(37): Illuminate/Container/BoundMethod::callBoundMethod(Object(Illuminate/Foundation/Application), Array, Object(Closure))
#22 C:/Users/MAKTECH/Desktop/Project/Manobsheba/backend/vendor/laravel/framework/src/Illuminate/Container/Container.php(662): Illuminate/Container/BoundMethod::call(Object(Illuminate/Foundation/Application), Array, Array, NULL)
#23 C:/Users/MAKTECH/Desktop/Project/Manobsheba/backend/vendor/laravel/framework/src/Illuminate/Console/Command.php(211): Illuminate/Container/Container->call(Array)
#24 C:/Users/MAKTECH/Desktop/Project/Manobsheba/backend/vendor/symfony/console/Command/Command.php(326): Illuminate/Console/Command->execute(Object(Symfony/Component/Console/Input/ArrayInput), Object(Illuminate/Console/OutputStyle))
#25 C:/Users/MAKTECH/Desktop/Project/Manobsheba/backend/vendor/laravel/framework/src/Illuminate/Console/Command.php(181): Symfony/Component/Console/Command/Command->run(Object(Symfony/Component/Console/Input/ArrayInput), Object(Illuminate/Console/OutputStyle))
#26 C:/Users/MAKTECH/Desktop/Project/Manobsheba/backend/vendor/laravel/framework/src/Illuminate/Console/Concerns/CallsCommands.php(68): Illuminate/Console/Command->run(Object(Symfony/Component/Console/Input/ArrayInput), Object(Symfony/Component/Console/Output/NullOutput))
#27 C:/Users/MAKTECH/Desktop/Project/Manobsheba/backend/vendor/laravel/framework/src/Illuminate/Console/Concerns/CallsCommands.php(40): Illuminate/Console/Command->runCommand('migrate:install', Array, Object(Symfony/Component/Console/Output/NullOutput))
#28 C:/Users/MAKTECH/Desktop/Project/Manobsheba/backend/vendor/laravel/framework/src/Illuminate/Database/Console/Migrations/MigrateCommand.php(121): Illuminate/Console/Command->callSilent('migrate:install', Array)
#29 C:/Users/MAKTECH/Desktop/Project/Manobsheba/backend/vendor/laravel/framework/src/Illuminate/Console/View/Components/Task.php(37): Illuminate/Database/Console/Migrations/MigrateCommand->Illuminate/Database/Console/Migrations/{closure}()
#30 C:/Users/MAKTECH/Desktop/Project/Manobsheba/backend/vendor/laravel/framework/src/Illuminate/Console/View/Components/Factory.php(58): Illuminate/Console/View/Components/Task->render('Creating migrat...', Object(Closure))
#31 C:/Users/MAKTECH/Desktop/Project/Manobsheba/backend/vendor/laravel/framework/src/Illuminate/Database/Console/Migrations/MigrateCommand.php(123): Illuminate/Console/View/Components/Factory->__call('task', Array)
#32 C:/Users/MAKTECH/Desktop/Project/Manobsheba/backend/vendor/laravel/framework/src/Illuminate/Database/Console/Migrations/MigrateCommand.php(84): Illuminate/Database/Console/Migrations/MigrateCommand->prepareDatabase()
#33 C:/Users/MAKTECH/Desktop/Project/Manobsheba/backend/vendor/laravel/framework/src/Illuminate/Database/Migrations/Migrator.php(641): Illuminate/Database/Console/Migrations/MigrateCommand->Illuminate/Database/Console/Migrations/{closure}()
#34 C:/Users/MAKTECH/Desktop/Project/Manobsheba/backend/vendor/laravel/framework/src/Illuminate/Database/Console/Migrations/MigrateCommand.php(104): Illuminate/Database/Migrations/Migrator->usingConnection(NULL, Object(Closure))
#35 C:/Users/MAKTECH/Desktop/Project/Manobsheba/backend/vendor/laravel/framework/src/Illuminate/Container/BoundMethod.php(36): Illuminate/Database/Console/Migrations/MigrateCommand->handle()
#36 C:/Users/MAKTECH/Desktop/Project/Manobsheba/backend/vendor/laravel/framework/src/Illuminate/Container/Util.php(41): Illuminate/Container/BoundMethod::Illuminate/Container/{closure}()
#37 C:/Users/MAKTECH/Desktop/Project/Manobsheba/backend/vendor/laravel/framework/src/Illuminate/Container/BoundMethod.php(93): Illuminate/Container/Util::unwrapIfClosure(Object(Closure))
#38 C:/Users/MAKTECH/Desktop/Project/Manobsheba/backend/vendor/laravel/framework/src/Illuminate/Container/BoundMethod.php(37): Illuminate/Container/BoundMethod::callBoundMethod(Object(Illuminate/Foundation/Application), Array, Object(Closure))
#39 C:/Users/MAKTECH/Desktop/Project/Manobsheba/backend/vendor/laravel/framework/src/Illuminate/Container/Container.php(662): Illuminate/Container/BoundMethod::call(Object(Illuminate/Foundation/Application), Array, Array, NULL)
#40 C:/Users/MAKTECH/Desktop/Project/Manobsheba/backend/vendor/laravel/framework/src/Illuminate/Console/Command.php(211): Illuminate/Container/Container->call(Array)
#41 C:/Users/MAKTECH/Desktop/Project/Manobsheba/backend/vendor/symfony/console/Command/Command.php(326): Illuminate/Console/Command->execute(Object(Symfony/Component/Console/Input/ArgvInput), Object(Illuminate/Console/OutputStyle))
#42 C:/Users/MAKTECH/Desktop/Project/Manobsheba/backend/vendor/laravel/framework/src/Illuminate/Console/Command.php(181): Symfony/Component/Console/Command/Command->run(Object(Symfony/Component/Console/Input/ArgvInput), Object(Illuminate/Console/OutputStyle))
#43 C:/Users/MAKTECH/Desktop/Project/Manobsheba/backend/vendor/symfony/console/Application.php(1121): Illuminate/Console/Command->run(Object(Symfony/Component/Console/Input/ArgvInput), Object(Symfony/Component/Console/Output/ConsoleOutput))
#44 C:/Users/MAKTECH/Desktop/Project/Manobsheba/backend/vendor/symfony/console/Application.php(324): Symfony/Component/Console/Application->doRunCommand(Object(Illuminate/Database/Console/Migrations/MigrateCommand), Object(Symfony/Component/Console/Input/ArgvInput), Object(Symfony/Component/Console/Output/ConsoleOutput))
#45 C:/Users/MAKTECH/Desktop/Project/Manobsheba/backend/vendor/symfony/console/Application.php(175): Symfony/Component/Console/Application->doRun(Object(Symfony/Component/Console/Input/ArgvInput), Object(Symfony/Component/Console/Output/ConsoleOutput))
#46 C:/Users/MAKTECH/Desktop/Project/Manobsheba/backend/vendor/laravel/framework/src/Illuminate/Foundation/Console/Kernel.php(201): Symfony/Component/Console/Application->run(Object(Symfony/Component/Console/Input/ArgvInput), Object(Symfony/Component/Console/Output/ConsoleOutput))
#47 C:/Users/MAKTECH/Desktop/Project/Manobsheba/backend/artisan(37): Illuminate/Foundation/Console/Kernel->handle(Object(Symfony/Component/Console/Input/ArgvInput), Object(Symfony/Component/Console/Output/ConsoleOutput))
#48 {main}
"} 
[2026-05-06 10:54:01] laravel.EMERGENCY: Unable to create configured logger. Using emergency logger. {"exception":"[object] (InvalidArgumentException(code: 0): Log [] is not defined. at C:/Users/MAKTECH/Desktop/Project/Manobsheba/backend/vendor/laravel/framework/src/Illuminate/Log/LogManager.php:212)
[stacktrace]
#0 C:/Users/MAKTECH/Desktop/Project/Manobsheba/backend/vendor/laravel/framework/src/Illuminate/Log/LogManager.php(137): Illuminate/Log/LogManager->resolve(NULL, NULL)
#1 C:/Users/MAKTECH/Desktop/Project/Manobsheba/backend/vendor/laravel/framework/src/Illuminate/Log/LogManager.php(124): Illuminate/Log/LogManager->get(NULL)
#2 C:/Users/MAKTECH/Desktop/Project/Manobsheba/backend/vendor/laravel/framework/src/Illuminate/Log/LogManager.php(681): Illuminate/Log/LogManager->driver()
#3 C:/Users/MAKTECH/Desktop/Project/Manobsheba/backend/vendor/laravel/framework/src/Illuminate/Foundation/Exceptions/Handler.php(317): Illuminate/Log/LogManager->error('View path not f...', Array)
#4 C:/Users/MAKTECH/Desktop/Project/Manobsheba/backend/vendor/laravel/framework/src/Illuminate/Foundation/Exceptions/Handler.php(278): Illuminate/Foundation/Exceptions/Handler->reportThrowable(Object(RuntimeException))
#5 C:/Users/MAKTECH/Desktop/Project/Manobsheba/backend/vendor/laravel/framework/src/Illuminate/Foundation/Console/Kernel.php(523): Illuminate/Foundation/Exceptions/Handler->report(Object(RuntimeException))
#6 C:/Users/MAKTECH/Desktop/Project/Manobsheba/backend/vendor/laravel/framework/src/Illuminate/Foundation/Console/Kernel.php(203): Illuminate/Foundation/Console/Kernel->reportException(Object(RuntimeException))
#7 C:/Users/MAKTECH/Desktop/Project/Manobsheba/backend/artisan(37): Illuminate/Foundation/Console/Kernel->handle(Object(Symfony/Component/Console/Input/ArgvInput), Object(Symfony/Component/Console/Output/ConsoleOutput))
#8 {main}
"} 
[2026-05-06 10:54:01] laravel.ERROR: View path not found. {"exception":"[object] (RuntimeException(code: 0): View path not found. at C:/Users/MAKTECH/Desktop/Project/Manobsheba/backend/vendor/laravel/framework/src/Illuminate/Foundation/Console/ViewClearCommand.php:59)
[stacktrace]
#0 C:/Users/MAKTECH/Desktop/Project/Manobsheba/backend/vendor/laravel/framework/src/Illuminate/Container/BoundMethod.php(36): Illuminate/Foundation/Console/ViewClearCommand->handle()
#1 C:/Users/MAKTECH/Desktop/Project/Manobsheba/backend/vendor/laravel/framework/src/Illuminate/Container/Util.php(41): Illuminate/Container/BoundMethod::Illuminate/Container/{closure}()
#2 C:/Users/MAKTECH/Desktop/Project/Manobsheba/backend/vendor/laravel/framework/src/Illuminate/Container/BoundMethod.php(93): Illuminate/Container/Util::unwrapIfClosure(Object(Closure))
#3 C:/Users/MAKTECH/Desktop/Project/Manobsheba/backend/vendor/laravel/framework/src/Illuminate/Container/BoundMethod.php(37): Illuminate/Container/BoundMethod::callBoundMethod(Object(Illuminate/Foundation/Application), Array, Object(Closure))
#4 C:/Users/MAKTECH/Desktop/Project/Manobsheba/backend/vendor/laravel/framework/src/Illuminate/Container/Container.php(662): Illuminate/Container/BoundMethod::call(Object(Illuminate/Foundation/Application), Array, Array, NULL)
#5 C:/Users/MAKTECH/Desktop/Project/Manobsheba/backend/vendor/laravel/framework/src/Illuminate/Console/Command.php(211): Illuminate/Container/Container->call(Array)
#6 C:/Users/MAKTECH/Desktop/Project/Manobsheba/backend/vendor/symfony/console/Command/Command.php(326): Illuminate/Console/Command->execute(Object(Symfony/Component/Console/Input/ArrayInput), Object(Illuminate/Console/OutputStyle))
#7 C:/Users/MAKTECH/Desktop/Project/Manobsheba/backend/vendor/laravel/framework/src/Illuminate/Console/Command.php(181): Symfony/Component/Console/Command/Command->run(Object(Symfony/Component/Console/Input/ArrayInput), Object(Illuminate/Console/OutputStyle))
#8 C:/Users/MAKTECH/Desktop/Project/Manobsheba/backend/vendor/laravel/framework/src/Illuminate/Console/Concerns/CallsCommands.php(68): Illuminate/Console/Command->run(Object(Symfony/Component/Console/Input/ArrayInput), Object(Symfony/Component/Console/Output/NullOutput))
#9 C:/Users/MAKTECH/Desktop/Project/Manobsheba/backend/vendor/laravel/framework/src/Illuminate/Console/Concerns/CallsCommands.php(40): Illuminate/Console/Command->runCommand('view:clear', Array, Object(Symfony/Component/Console/Output/NullOutput))
#10 C:/Users/MAKTECH/Desktop/Project/Manobsheba/backend/vendor/laravel/framework/src/Illuminate/Foundation/Console/OptimizeClearCommand.php(36): Illuminate/Console/Command->callSilent('view:clear')
#11 C:/Users/MAKTECH/Desktop/Project/Manobsheba/backend/vendor/laravel/framework/src/Illuminate/Console/View/Components/Task.php(37): Illuminate/Foundation/Console/OptimizeClearCommand->Illuminate/Foundation/Console/{closure}()
#12 C:/Users/MAKTECH/Desktop/Project/Manobsheba/backend/vendor/laravel/framework/src/Illuminate/Console/View/Components/Factory.php(58): Illuminate/Console/View/Components/Task->render('views', Object(Closure))
#13 C:/Users/MAKTECH/Desktop/Project/Manobsheba/backend/vendor/laravel/framework/src/Illuminate/Foundation/Console/OptimizeClearCommand.php(41): Illuminate/Console/View/Components/Factory->__call('task', Array)
#14 C:/Users/MAKTECH/Desktop/Project/Manobsheba/backend/vendor/laravel/framework/src/Illuminate/Collections/Traits/EnumeratesValues.php(240): Illuminate/Foundation/Console/OptimizeClearCommand->Illuminate/Foundation/Console/{closure}(Object(Closure), 'views')
#15 C:/Users/MAKTECH/Desktop/Project/Manobsheba/backend/vendor/laravel/framework/src/Illuminate/Foundation/Console/OptimizeClearCommand.php(41): Illuminate/Support/Collection->each(Object(Closure))
#16 C:/Users/MAKTECH/Desktop/Project/Manobsheba/backend/vendor/laravel/framework/src/Illuminate/Container/BoundMethod.php(36): Illuminate/Foundation/Console/OptimizeClearCommand->handle()
#17 C:/Users/MAKTECH/Desktop/Project/Manobsheba/backend/vendor/laravel/framework/src/Illuminate/Container/Util.php(41): Illuminate/Container/BoundMethod::Illuminate/Container/{closure}()
#18 C:/Users/MAKTECH/Desktop/Project/Manobsheba/backend/vendor/laravel/framework/src/Illuminate/Container/BoundMethod.php(93): Illuminate/Container/Util::unwrapIfClosure(Object(Closure))
#19 C:/Users/MAKTECH/Desktop/Project/Manobsheba/backend/vendor/laravel/framework/src/Illuminate/Container/BoundMethod.php(37): Illuminate/Container/BoundMethod::callBoundMethod(Object(Illuminate/Foundation/Application), Array, Object(Closure))
#20 C:/Users/MAKTECH/Desktop/Project/Manobsheba/backend/vendor/laravel/framework/src/Illuminate/Container/Container.php(662): Illuminate/Container/BoundMethod::call(Object(Illuminate/Foundation/Application), Array, Array, NULL)
#21 C:/Users/MAKTECH/Desktop/Project/Manobsheba/backend/vendor/laravel/framework/src/Illuminate/Console/Command.php(211): Illuminate/Container/Container->call(Array)
#22 C:/Users/MAKTECH/Desktop/Project/Manobsheba/backend/vendor/symfony/console/Command/Command.php(326): Illuminate/Console/Command->execute(Object(Symfony/Component/Console/Input/ArgvInput), Object(Illuminate/Console/OutputStyle))
#23 C:/Users/MAKTECH/Desktop/Project/Manobsheba/backend/vendor/laravel/framework/src/Illuminate/Console/Command.php(181): Symfony/Component/Console/Command/Command->run(Object(Symfony/Component/Console/Input/ArgvInput), Object(Illuminate/Console/OutputStyle))
#24 C:/Users/MAKTECH/Desktop/Project/Manobsheba/backend/vendor/symfony/console/Application.php(1121): Illuminate/Console/Command->run(Object(Symfony/Component/Console/Input/ArgvInput), Object(Symfony/Component/Console/Output/ConsoleOutput))
#25 C:/Users/MAKTECH/Desktop/Project/Manobsheba/backend/vendor/symfony/console/Application.php(324): Symfony/Component/Console/Application->doRunCommand(Object(Illuminate/Foundation/Console/OptimizeClearCommand), Object(Symfony/Component/Console/Input/ArgvInput), Object(Symfony/Component/Console/Output/ConsoleOutput))
#26 C:/Users/MAKTECH/Desktop/Project/Manobsheba/backend/vendor/symfony/console/Application.php(175): Symfony/Component/Console/Application->doRun(Object(Symfony/Component/Console/Input/ArgvInput), Object(Symfony/Component/Console/Output/ConsoleOutput))
#27 C:/Users/MAKTECH/Desktop/Project/Manobsheba/backend/vendor/laravel/framework/src/Illuminate/Foundation/Console/Kernel.php(201): Symfony/Component/Console/Application->run(Object(Symfony/Component/Console/Input/ArgvInput), Object(Symfony/Component/Console/Output/ConsoleOutput))
#28 C:/Users/MAKTECH/Desktop/Project/Manobsheba/backend/artisan(37): Illuminate/Foundation/Console/Kernel->handle(Object(Symfony/Component/Console/Input/ArgvInput), Object(Symfony/Component/Console/Output/ConsoleOutput))
#29 {main}
"} 
[2026-05-06 10:54:27] laravel.EMERGENCY: Unable to create configured logger. Using emergency logger. {"exception":"[object] (InvalidArgumentException(code: 0): Log [] is not defined. at C:/Users/MAKTECH/Desktop/Project/Manobsheba/backend/vendor/laravel/framework/src/Illuminate/Log/LogManager.php:212)
[stacktrace]
#0 C:/Users/MAKTECH/Desktop/Project/Manobsheba/backend/vendor/laravel/framework/src/Illuminate/Log/LogManager.php(137): Illuminate/Log/LogManager->resolve(NULL, NULL)
#1 C:/Users/MAKTECH/Desktop/Project/Manobsheba/backend/vendor/laravel/framework/src/Illuminate/Log/LogManager.php(124): Illuminate/Log/LogManager->get(NULL)
#2 C:/Users/MAKTECH/Desktop/Project/Manobsheba/backend/vendor/laravel/framework/src/Illuminate/Log/LogManager.php(681): Illuminate/Log/LogManager->driver()
#3 C:/Users/MAKTECH/Desktop/Project/Manobsheba/backend/vendor/laravel/framework/src/Illuminate/Foundation/Exceptions/Handler.php(317): Illuminate/Log/LogManager->error('Call to undefin...', Array)
#4 C:/Users/MAKTECH/Desktop/Project/Manobsheba/backend/vendor/laravel/framework/src/Illuminate/Foundation/Exceptions/Handler.php(278): Illuminate/Foundation/Exceptions/Handler->reportThrowable(Object(Error))
#5 C:/Users/MAKTECH/Desktop/Project/Manobsheba/backend/vendor/laravel/framework/src/Illuminate/Foundation/Console/Kernel.php(523): Illuminate/Foundation/Exceptions/Handler->report(Object(Error))
#6 C:/Users/MAKTECH/Desktop/Project/Manobsheba/backend/vendor/laravel/framework/src/Illuminate/Foundation/Console/Kernel.php(203): Illuminate/Foundation/Console/Kernel->reportException(Object(Error))
#7 C:/Users/MAKTECH/Desktop/Project/Manobsheba/backend/artisan(37): Illuminate/Foundation/Console/Kernel->handle(Object(Symfony/Component/Console/Input/ArgvInput), Object(Symfony/Component/Console/Output/ConsoleOutput))
#8 {main}
"} 
[2026-05-06 10:54:27] laravel.ERROR: Call to undefined function Termwind\ValueObjects\mb_strimwidth() {"exception":"[object] (Error(code: 0): Call to undefined function Termwind\\ValueObjects\\mb_strimwidth() at C:/Users/MAKTECH/Desktop/Project/Manobsheba/backend/vendor/nunomaduro/termwind/src/ValueObjects/Styles.php:1051)
[stacktrace]
#0 C:/Users/MAKTECH/Desktop/Project/Manobsheba/backend/vendor/nunomaduro/termwind/src/ValueObjects/Styles.php(869): Termwind/ValueObjects/Styles::trimText('..................', 46)
#1 C:/Users/MAKTECH/Desktop/Project/Manobsheba/backend/vendor/nunomaduro/termwind/src/ValueObjects/Styles.php(732): Termwind/ValueObjects/Styles->applyWidth('..................')
#2 C:/Users/MAKTECH/Desktop/Project/Manobsheba/backend/vendor/nunomaduro/termwind/src/Components/Element.php(77): Termwind/ValueObjects/Styles->format('..................')
#3 C:/Users/MAKTECH/Desktop/Project/Manobsheba/backend/vendor/nunomaduro/termwind/src/Components/Element.php(120): Termwind/Components/Element->toString()
#4 [internal function]: Termwind/Components/Element->__toString()
#5 C:/Users/MAKTECH/Desktop/Project/Manobsheba/backend/vendor/nunomaduro/termwind/src/Components/Element.php(74): implode('', Array)
#6 C:/Users/MAKTECH/Desktop/Project/Manobsheba/backend/vendor/nunomaduro/termwind/src/Components/Element.php(112): Termwind/Components/Element->toString()
#7 C:/Users/MAKTECH/Desktop/Project/Manobsheba/backend/vendor/nunomaduro/termwind/src/HtmlRenderer.php(24): Termwind/Components/Element->render(32)
#8 C:/Users/MAKTECH/Desktop/Project/Manobsheba/backend/vendor/nunomaduro/termwind/src/Functions.php(41): Termwind/HtmlRenderer->render('<div class=\"fle...', 32)
#9 C:/Users/MAKTECH/Desktop/Project/Manobsheba/backend/vendor/laravel/framework/src/Illuminate/Console/View/Components/Component.php(52): Termwind/render('<div class=\"fle...', 32)
#10 C:/Users/MAKTECH/Desktop/Project/Manobsheba/backend/vendor/laravel/framework/src/Illuminate/Console/View/Components/TwoColumnDetail.php(31): Illuminate/Console/View/Components/Component->renderView('two-column-deta...', Array, 32)
#11 C:/Users/MAKTECH/Desktop/Project/Manobsheba/backend/vendor/laravel/framework/src/Illuminate/Console/View/Components/Factory.php(58): Illuminate/Console/View/Components/TwoColumnDetail->render('<fg=gray>Migrat...', '<fg=gray>Batch ...')
#12 C:/Users/MAKTECH/Desktop/Project/Manobsheba/backend/vendor/laravel/framework/src/Illuminate/Database/Console/Migrations/StatusCommand.php(71): Illuminate/Console/View/Components/Factory->__call('twoColumnDetail', Array)
#13 C:/Users/MAKTECH/Desktop/Project/Manobsheba/backend/vendor/laravel/framework/src/Illuminate/Database/Migrations/Migrator.php(641): Illuminate/Database/Console/Migrations/StatusCommand->Illuminate/Database/Console/Migrations/{closure}()
#14 C:/Users/MAKTECH/Desktop/Project/Manobsheba/backend/vendor/laravel/framework/src/Illuminate/Database/Console/Migrations/StatusCommand.php(84): Illuminate/Database/Migrations/Migrator->usingConnection(NULL, Object(Closure))
#15 C:/Users/MAKTECH/Desktop/Project/Manobsheba/backend/vendor/laravel/framework/src/Illuminate/Container/BoundMethod.php(36): Illuminate/Database/Console/Migrations/StatusCommand->handle()
#16 C:/Users/MAKTECH/Desktop/Project/Manobsheba/backend/vendor/laravel/framework/src/Illuminate/Container/Util.php(41): Illuminate/Container/BoundMethod::Illuminate/Container/{closure}()
#17 C:/Users/MAKTECH/Desktop/Project/Manobsheba/backend/vendor/laravel/framework/src/Illuminate/Container/BoundMethod.php(93): Illuminate/Container/Util::unwrapIfClosure(Object(Closure))
#18 C:/Users/MAKTECH/Desktop/Project/Manobsheba/backend/vendor/laravel/framework/src/Illuminate/Container/BoundMethod.php(37): Illuminate/Container/BoundMethod::callBoundMethod(Object(Illuminate/Foundation/Application), Array, Object(Closure))
#19 C:/Users/MAKTECH/Desktop/Project/Manobsheba/backend/vendor/laravel/framework/src/Illuminate/Container/Container.php(662): Illuminate/Container/BoundMethod::call(Object(Illuminate/Foundation/Application), Array, Array, NULL)
#20 C:/Users/MAKTECH/Desktop/Project/Manobsheba/backend/vendor/laravel/framework/src/Illuminate/Console/Command.php(211): Illuminate/Container/Container->call(Array)
#21 C:/Users/MAKTECH/Desktop/Project/Manobsheba/backend/vendor/symfony/console/Command/Command.php(326): Illuminate/Console/Command->execute(Object(Symfony/Component/Console/Input/ArgvInput), Object(Illuminate/Console/OutputStyle))
#22 C:/Users/MAKTECH/Desktop/Project/Manobsheba/backend/vendor/laravel/framework/src/Illuminate/Console/Command.php(181): Symfony/Component/Console/Command/Command->run(Object(Symfony/Component/Console/Input/ArgvInput), Object(Illuminate/Console/OutputStyle))
#23 C:/Users/MAKTECH/Desktop/Project/Manobsheba/backend/vendor/symfony/console/Application.php(1121): Illuminate/Console/Command->run(Object(Symfony/Component/Console/Input/ArgvInput), Object(Symfony/Component/Console/Output/ConsoleOutput))
#24 C:/Users/MAKTECH/Desktop/Project/Manobsheba/backend/vendor/symfony/console/Application.php(324): Symfony/Component/Console/Application->doRunCommand(Object(Illuminate/Database/Console/Migrations/StatusCommand), Object(Symfony/Component/Console/Input/ArgvInput), Object(Symfony/Component/Console/Output/ConsoleOutput))
#25 C:/Users/MAKTECH/Desktop/Project/Manobsheba/backend/vendor/symfony/console/Application.php(175): Symfony/Component/Console/Application->doRun(Object(Symfony/Component/Console/Input/ArgvInput), Object(Symfony/Component/Console/Output/ConsoleOutput))
#26 C:/Users/MAKTECH/Desktop/Project/Manobsheba/backend/vendor/laravel/framework/src/Illuminate/Foundation/Console/Kernel.php(201): Symfony/Component/Console/Application->run(Object(Symfony/Component/Console/Input/ArgvInput), Object(Symfony/Component/Console/Output/ConsoleOutput))
#27 C:/Users/MAKTECH/Desktop/Project/Manobsheba/backend/artisan(37): Illuminate/Foundation/Console/Kernel->handle(Object(Symfony/Component/Console/Input/ArgvInput), Object(Symfony/Component/Console/Output/ConsoleOutput))
#28 {main}
"} 
[2026-05-06 10:58:16] laravel.EMERGENCY: Unable to create configured logger. Using emergency logger. {"exception":"[object] (InvalidArgumentException(code: 0): Log [] is not defined. at C:/Users/MAKTECH/Desktop/Project/Manobsheba/backend/vendor/laravel/framework/src/Illuminate/Log/LogManager.php:212)
[stacktrace]
#0 C:/Users/MAKTECH/Desktop/Project/Manobsheba/backend/vendor/laravel/framework/src/Illuminate/Log/LogManager.php(137): Illuminate/Log/LogManager->resolve(NULL, NULL)
#1 C:/Users/MAKTECH/Desktop/Project/Manobsheba/backend/vendor/laravel/framework/src/Illuminate/Log/LogManager.php(124): Illuminate/Log/LogManager->get(NULL)
#2 C:/Users/MAKTECH/Desktop/Project/Manobsheba/backend/vendor/laravel/framework/src/Illuminate/Log/LogManager.php(681): Illuminate/Log/LogManager->driver()
#3 C:/Users/MAKTECH/Desktop/Project/Manobsheba/backend/vendor/laravel/framework/src/Illuminate/Foundation/Exceptions/Handler.php(317): Illuminate/Log/LogManager->error('View path not f...', Array)
#4 C:/Users/MAKTECH/Desktop/Project/Manobsheba/backend/vendor/laravel/framework/src/Illuminate/Foundation/Exceptions/Handler.php(278): Illuminate/Foundation/Exceptions/Handler->reportThrowable(Object(RuntimeException))
#5 C:/Users/MAKTECH/Desktop/Project/Manobsheba/backend/vendor/laravel/framework/src/Illuminate/Foundation/Console/Kernel.php(523): Illuminate/Foundation/Exceptions/Handler->report(Object(RuntimeException))
#6 C:/Users/MAKTECH/Desktop/Project/Manobsheba/backend/vendor/laravel/framework/src/Illuminate/Foundation/Console/Kernel.php(203): Illuminate/Foundation/Console/Kernel->reportException(Object(RuntimeException))
#7 C:/Users/MAKTECH/Desktop/Project/Manobsheba/backend/artisan(37): Illuminate/Foundation/Console/Kernel->handle(Object(Symfony/Component/Console/Input/ArgvInput), Object(Symfony/Component/Console/Output/ConsoleOutput))
#8 {main}
"} 
[2026-05-06 10:58:16] laravel.ERROR: View path not found. {"exception":"[object] (RuntimeException(code: 0): View path not found. at C:/Users/MAKTECH/Desktop/Project/Manobsheba/backend/vendor/laravel/framework/src/Illuminate/Foundation/Console/ViewClearCommand.php:59)
[stacktrace]
#0 C:/Users/MAKTECH/Desktop/Project/Manobsheba/backend/vendor/laravel/framework/src/Illuminate/Container/BoundMethod.php(36): Illuminate/Foundation/Console/ViewClearCommand->handle()
#1 C:/Users/MAKTECH/Desktop/Project/Manobsheba/backend/vendor/laravel/framework/src/Illuminate/Container/Util.php(41): Illuminate/Container/BoundMethod::Illuminate/Container/{closure}()
#2 C:/Users/MAKTECH/Desktop/Project/Manobsheba/backend/vendor/laravel/framework/src/Illuminate/Container/BoundMethod.php(93): Illuminate/Container/Util::unwrapIfClosure(Object(Closure))
#3 C:/Users/MAKTECH/Desktop/Project/Manobsheba/backend/vendor/laravel/framework/src/Illuminate/Container/BoundMethod.php(37): Illuminate/Container/BoundMethod::callBoundMethod(Object(Illuminate/Foundation/Application), Array, Object(Closure))
#4 C:/Users/MAKTECH/Desktop/Project/Manobsheba/backend/vendor/laravel/framework/src/Illuminate/Container/Container.php(662): Illuminate/Container/BoundMethod::call(Object(Illuminate/Foundation/Application), Array, Array, NULL)
#5 C:/Users/MAKTECH/Desktop/Project/Manobsheba/backend/vendor/laravel/framework/src/Illuminate/Console/Command.php(211): Illuminate/Container/Container->call(Array)
#6 C:/Users/MAKTECH/Desktop/Project/Manobsheba/backend/vendor/symfony/console/Command/Command.php(326): Illuminate/Console/Command->execute(Object(Symfony/Component/Console/Input/ArrayInput), Object(Illuminate/Console/OutputStyle))
#7 C:/Users/MAKTECH/Desktop/Project/Manobsheba/backend/vendor/laravel/framework/src/Illuminate/Console/Command.php(181): Symfony/Component/Console/Command/Command->run(Object(Symfony/Component/Console/Input/ArrayInput), Object(Illuminate/Console/OutputStyle))
#8 C:/Users/MAKTECH/Desktop/Project/Manobsheba/backend/vendor/laravel/framework/src/Illuminate/Console/Concerns/CallsCommands.php(68): Illuminate/Console/Command->run(Object(Symfony/Component/Console/Input/ArrayInput), Object(Symfony/Component/Console/Output/NullOutput))
#9 C:/Users/MAKTECH/Desktop/Project/Manobsheba/backend/vendor/laravel/framework/src/Illuminate/Console/Concerns/CallsCommands.php(40): Illuminate/Console/Command->runCommand('view:clear', Array, Object(Symfony/Component/Console/Output/NullOutput))
#10 C:/Users/MAKTECH/Desktop/Project/Manobsheba/backend/vendor/laravel/framework/src/Illuminate/Foundation/Console/OptimizeClearCommand.php(36): Illuminate/Console/Command->callSilent('view:clear')
#11 C:/Users/MAKTECH/Desktop/Project/Manobsheba/backend/vendor/laravel/framework/src/Illuminate/Console/View/Components/Task.php(37): Illuminate/Foundation/Console/OptimizeClearCommand->Illuminate/Foundation/Console/{closure}()
#12 C:/Users/MAKTECH/Desktop/Project/Manobsheba/backend/vendor/laravel/framework/src/Illuminate/Console/View/Components/Factory.php(58): Illuminate/Console/View/Components/Task->render('views', Object(Closure))
#13 C:/Users/MAKTECH/Desktop/Project/Manobsheba/backend/vendor/laravel/framework/src/Illuminate/Foundation/Console/OptimizeClearCommand.php(41): Illuminate/Console/View/Components/Factory->__call('task', Array)
#14 C:/Users/MAKTECH/Desktop/Project/Manobsheba/backend/vendor/laravel/framework/src/Illuminate/Collections/Traits/EnumeratesValues.php(240): Illuminate/Foundation/Console/OptimizeClearCommand->Illuminate/Foundation/Console/{closure}(Object(Closure), 'views')
#15 C:/Users/MAKTECH/Desktop/Project/Manobsheba/backend/vendor/laravel/framework/src/Illuminate/Foundation/Console/OptimizeClearCommand.php(41): Illuminate/Support/Collection->each(Object(Closure))
#16 C:/Users/MAKTECH/Desktop/Project/Manobsheba/backend/vendor/laravel/framework/src/Illuminate/Container/BoundMethod.php(36): Illuminate/Foundation/Console/OptimizeClearCommand->handle()
#17 C:/Users/MAKTECH/Desktop/Project/Manobsheba/backend/vendor/laravel/framework/src/Illuminate/Container/Util.php(41): Illuminate/Container/BoundMethod::Illuminate/Container/{closure}()
#18 C:/Users/MAKTECH/Desktop/Project/Manobsheba/backend/vendor/laravel/framework/src/Illuminate/Container/BoundMethod.php(93): Illuminate/Container/Util::unwrapIfClosure(Object(Closure))
#19 C:/Users/MAKTECH/Desktop/Project/Manobsheba/backend/vendor/laravel/framework/src/Illuminate/Container/BoundMethod.php(37): Illuminate/Container/BoundMethod::callBoundMethod(Object(Illuminate/Foundation/Application), Array, Object(Closure))
#20 C:/Users/MAKTECH/Desktop/Project/Manobsheba/backend/vendor/laravel/framework/src/Illuminate/Container/Container.php(662): Illuminate/Container/BoundMethod::call(Object(Illuminate/Foundation/Application), Array, Array, NULL)
#21 C:/Users/MAKTECH/Desktop/Project/Manobsheba/backend/vendor/laravel/framework/src/Illuminate/Console/Command.php(211): Illuminate/Container/Container->call(Array)
#22 C:/Users/MAKTECH/Desktop/Project/Manobsheba/backend/vendor/symfony/console/Command/Command.php(326): Illuminate/Console/Command->execute(Object(Symfony/Component/Console/Input/ArgvInput), Object(Illuminate/Console/OutputStyle))
#23 C:/Users/MAKTECH/Desktop/Project/Manobsheba/backend/vendor/laravel/framework/src/Illuminate/Console/Command.php(181): Symfony/Component/Console/Command/Command->run(Object(Symfony/Component/Console/Input/ArgvInput), Object(Illuminate/Console/OutputStyle))
#24 C:/Users/MAKTECH/Desktop/Project/Manobsheba/backend/vendor/symfony/console/Application.php(1121): Illuminate/Console/Command->run(Object(Symfony/Component/Console/Input/ArgvInput), Object(Symfony/Component/Console/Output/ConsoleOutput))
#25 C:/Users/MAKTECH/Desktop/Project/Manobsheba/backend/vendor/symfony/console/Application.php(324): Symfony/Component/Console/Application->doRunCommand(Object(Illuminate/Foundation/Console/OptimizeClearCommand), Object(Symfony/Component/Console/Input/ArgvInput), Object(Symfony/Component/Console/Output/ConsoleOutput))
#26 C:/Users/MAKTECH/Desktop/Project/Manobsheba/backend/vendor/symfony/console/Application.php(175): Symfony/Component/Console/Application->doRun(Object(Symfony/Component/Console/Input/ArgvInput), Object(Symfony/Component/Console/Output/ConsoleOutput))
#27 C:/Users/MAKTECH/Desktop/Project/Manobsheba/backend/vendor/laravel/framework/src/Illuminate/Foundation/Console/Kernel.php(201): Symfony/Component/Console/Application->run(Object(Symfony/Component/Console/Input/ArgvInput), Object(Symfony/Component/Console/Output/ConsoleOutput))
#28 C:/Users/MAKTECH/Desktop/Project/Manobsheba/backend/artisan(37): Illuminate/Foundation/Console/Kernel->handle(Object(Symfony/Component/Console/Input/ArgvInput), Object(Symfony/Component/Console/Output/ConsoleOutput))
#29 {main}
"} 
